user_id,tsne_x,tsne_y,cluster,user_bias,n_ratings,avg_rating,rating_std
196,1.3467572,-1.8793378,4,-0.07209654998320864,39,3.6153846153846154,1.0160652852881116
186,3.7941036,-1.787019,0,-0.025917878394588673,92,3.4130434782608696,1.2238668130604922
22,-3.2135415,-2.810346,1,-0.2977172228828417,128,3.3515625,1.4932385338242642
244,-1.533852,3.1103077,3,0.13881515518138762,238,3.6512605042016806,1.0714055239871245
166,2.2345338,-1.0319036,0,0.11954575762392508,20,3.55,1.4317821063276353
298,0.81570405,-2.0754101,5,0.11184556025606407,127,4.031496062992126,0.8158840552744269
115,-4.59901,1.4405296,2,-0.05691155974428561,92,3.9347826086956523,1.1748682210516532
253,1.6039556,-4.6016827,4,0.1101873057414423,97,3.979381443298969,0.957202754593854
305,-2.126241,1.8447738,3,-0.5076899690073312,222,3.40990990990991,1.079840356472641
6,-3.3438299,2.3142598,3,-0.44442416981376476,211,3.6350710900473935,1.0394606521187284
62,-2.5723476,1.4459581,1,-0.41097195418221744,232,3.3017241379310347,1.114406468208317
286,-1.344505,-3.6556554,5,0.17773070906583516,288,3.7118055555555554,1.1553237793927522
200,4.81827,-1.7766979,4,0.42889669082600596,216,4.032407407407407,0.8593484501810636
210,-2.274311,-0.5605752,3,0.20111652405572902,132,4.0606060606060606,0.8173460660691491
224,2.7696948,-2.3431578,4,-0.6755331682719761,141,2.99290780141844,1.0986774770520962
303,-4.3707666,-2.9978304,1,-0.15987675876482618,484,3.365702479338843,1.2312953851033734
122,-2.2467825,0.9534933,5,0.09209868753541486,61,3.9836065573770494,0.9745392634246627
194,-0.9822314,4.640548,1,-0.7280957207389401,305,2.963934426229508,1.0237368318806812
291,-4.1970963,-3.428098,1,0.2433517128845044,296,3.685810810810811,1.0313400948303932
234,-2.001449,2.933177,3,-0.6189489375650521,480,3.122916666666667,0.9203656311053624
119,0.8709986,-1.2505577,4,0.36101231951182283,181,3.9502762430939224,1.0125668323288466
167,-0.46730122,5.072311,3,-0.33926792161000136,69,3.3768115942028984,1.456238600312486
299,-0.06310436,2.4997172,3,-0.29677543132256,280,3.4642857142857144,0.9072445524396319
308,-0.42858806,0.5843945,2,0.04491679228508566,397,3.7581863979848866,0.7667093107483797
95,3.6516385,-3.4376497,4,-0.24227713207296098,278,3.41726618705036,1.1266337872714054
38,2.7043219,-4.158432,4,0.23009632122437826,121,3.71900826446281,1.5980359846588132
102,0.9174328,1.9174516,5,-0.9009537939795526,216,2.615740740740741,0.7443007690427226
63,-0.7713517,1.9708107,2,-0.5012238427467088,93,3.118279569892473,0.9874149645895921
160,-3.0984123,-0.43139204,1,0.06807810124446521,120,3.9166666666666665,1.0090625763118786
50,-1.647786,4.303132,5,-0.04706799003055049,24,3.5416666666666665,1.3824731042801415
301,3.4425542,0.984424,0,-0.1045182252243294,275,3.5272727272727273,0.9713889794701017
225,-0.929439,-0.14384884,2,0.43313288837503006,27,4.518518518518518,0.8489980687832692
290,3.0635824,-3.2404115,4,-0.4102085428744588,150,3.3533333333333335,0.9132629506348308
97,-1.962726,-3.0112257,0,0.07908264751734612,63,4.158730158730159,1.1388498613322242
157,-5.6972036,-0.14800763,2,0.2466186011135476,51,3.784313725490196,1.2379616389888028
181,2.1244864,-4.558256,4,-1.7767156257566614,435,1.4919540229885058,0.8461376589972871
278,-1.6478995,-1.0194243,4,0.31038348215558464,23,4.260869565217392,0.9153931745603201
276,-4.199191,-3.099805,1,-0.036956602183275095,518,3.465250965250965,1.0171398795512512
7,-0.47628814,4.309024,1,0.2513219299383352,403,3.965260545905707,1.064480402109089
10,0.34446654,-0.5321723,5,0.2828526350696962,184,4.206521739130435,0.5827772864869103
284,-1.5831673,0.72625256,3,-0.024067046454366612,47,3.5531914893617023,0.8024015756599975
201,-4.640129,-0.22705325,1,-0.6374714654286031,386,3.0310880829015545,1.0539067000835458
287,1.5587707,1.2918421,2,0.40615645288700175,62,4.112903225806452,1.0259715700799774
246,-3.2895226,-2.3195357,2,-0.482303084456024,195,2.928205128205128,1.321891162828967
242,2.0503569,-0.015989596,5,0.7070565957021598,20,4.45,0.7591546545162482
249,-3.2140977,2.9607716,2,0.3838935936186236,161,4.105590062111801,0.8631518150943213
99,2.009368,2.1794875,1,-0.009733593348562778,136,3.551470588235294,1.0942262812983865
178,3.451596,-3.2134109,4,-0.04398665837006524,273,3.681318681318681,0.9457232006953985
251,-2.688964,0.2398375,2,0.09867675310796085,77,3.792207792207792,0.9224917962502479
81,0.0067820693,-0.14277491,5,-0.23431038308175517,58,3.293103448275862,1.108319744377666
260,-0.6926449,1.4736366,2,0.5831294211312364,24,4.041666666666667,1.1220775245117838
25,3.964543,-0.6343068,4,0.07067161460271004,78,4.051282051282051,0.6220501482568643
59,-2.29095,4.950717,1,0.16064263226174252,382,3.9345549738219896,1.0615739742214036
72,-1.5173875,0.4139183,5,-0.06269821551470996,137,3.8175182481751824,1.0517420989383575
87,2.1922095,-2.7039032,0,0.16222949525561264,211,3.7914691943127963,0.9279384332762883
42,3.625424,-4.031142,4,-0.14299555689948165,183,3.726775956284153,1.0647674198245463
292,-3.1135736,0.86379015,2,0.23580523225497863,124,4.225806451612903,0.8048502327724151
20,3.6108098,0.39481583,4,-0.577473046949,48,3.1041666666666665,1.1529718000155968
13,-1.1155916,4.5738616,3,-0.40252181398431086,636,3.09748427672956,1.4164144455780425
138,0.16661419,-1.250368,5,0.24320525175666086,51,4.2745098039215685,0.6656855525711526
60,0.44564715,0.8700968,2,0.2450463097710612,208,4.086538461538462,0.6310879636288711
57,2.9366817,-1.9621797,4,0.030813420035227624,106,3.5,1.0258562045340236
223,-4.6869674,-1.2515283,0,-0.3794730118111386,105,3.0285714285714285,1.2968685869694476
189,-5.5712967,1.054065,3,0.001492245222769012,187,3.978609625668449,1.0724167223418617
243,-2.0866413,1.6304213,3,-0.1989121651286765,81,3.6419753086419755,0.8262663307812536
92,-2.5564017,1.1052886,1,-0.21342726107608218,388,3.2448453608247423,0.9747983170741887
241,-1.7546295,-3.319976,5,-0.11184561846570064,23,3.4347826086956523,1.036869719024164
254,3.1162603,-2.4164448,0,-0.5021905202586093,159,3.050314465408805,1.0360510601412496
293,-4.28505,1.1636077,1,-0.6239622582427196,388,3.0309278350515463,1.0437817175293551
127,4.1278024,0.5535857,0,0.509414659574036,23,4.130434782608695,1.5167053955587406
222,-0.21968079,-2.8284707,0,-0.5058838340145345,387,3.049095607235142,1.1915801146343672
267,-4.6534824,2.4080637,1,0.2870974411124855,185,3.9351351351351354,0.8883962762167396
11,-1.6334498,-3.8126745,5,-0.15048360283502368,181,3.4640883977900554,0.9339776781345096
8,0.03907194,4.2554502,1,0.0571989416789881,59,3.7966101694915255,1.242628762729949
162,2.8536255,0.6660181,5,-0.012262830020493299,42,3.5952380952380953,0.7344991261521245
279,4.799994,1.696529,0,-0.2517147329161484,434,3.2672811059907834,1.199495074395474
145,-3.3940074,-2.293923,1,-0.11668764120749746,316,3.3354430379746836,1.3074184401703257
28,-0.08188194,-1.9192494,0,-0.0505845218274199,79,3.721518987341772,0.9599239935290751
135,0.3597593,0.83207035,2,-0.15904704218373172,55,3.381818181818182,0.7815205760403309
32,-1.3090934,-1.4929669,5,-0.26141744509333575,41,3.317073170731707,0.9066152544007823
90,-3.2523258,-2.0660403,2,0.30781912905716763,300,4.223333333333334,0.9253701540259962
216,-2.7608283,3.5533667,2,0.029236497469185108,131,3.801526717557252,1.0032243964663623
250,1.4252504,2.4700375,5,0.18535717974832355,122,3.7868852459016393,1.0619606706754772
271,-2.136329,0.12913978,3,-0.32247715294542173,278,3.58273381294964,1.0046770091863235
265,2.2794201,0.5594575,5,-0.026231407066472166,46,3.5652173913043477,1.1284635358268433
198,-3.090959,-1.6295925,1,-0.5440858938274892,181,3.276243093922652,0.9723620876329611
168,3.6382751,-2.261086,0,-0.18999751269203732,69,3.3333333333333335,1.4002800840280096
110,1.9179544,-2.8928766,4,-0.45328752512868287,133,3.045112781954887,0.8604496855867245
58,-5.4179425,2.091163,2,-0.11168863361703539,154,3.8376623376623376,1.2338937742055667
237,-0.06882976,0.41919363,2,-0.043777762638681175,48,4.145833333333333,0.6838434352771336
94,-3.806278,1.3469768,3,0.09270516522808359,400,3.6575,1.0162557203888485
128,-3.3471544,4.3400855,5,-0.02780279200676403,184,3.6630434782608696,1.0165534174642903
44,0.6389251,3.8960166,2,-0.13073851612966314,151,3.6490066225165565,1.0013236273166217
264,-0.10856114,3.3921473,1,0.34314699391980696,120,4.216666666666667,1.0057259039308546
41,-1.4661043,2.558993,2,-0.19373551322833799,52,3.769230769230769,0.8072073527955749
82,-1.5212958,-0.40458077,3,-0.6165255938690524,168,3.0714285714285716,1.1866090597731298
262,2.0699968,2.9676933,5,-0.42692269630469626,160,3.16875,0.8258548077731415
174,2.651558,2.5803432,5,0.025216586416549617,177,3.5819209039548023,1.5758514056849329
43,1.825222,-4.9407506,4,-0.03696349352340034,221,3.7104072398190047,1.01682675593422
84,-0.75946724,-1.458863,5,0.18779321682041,68,3.8529411764705883,0.7967228751402394
269,-2.9111104,2.3856528,3,-0.8185222256031855,323,3.0092879256965945,1.4064758569189848
259,-1.5454736,1.1910719,2,0.1775721242416368,46,3.869565217391304,0.7777087616032085
85,-2.9598336,2.0589585,3,-0.3343406877343611,288,3.5381944444444446,0.8127465824940687
213,1.1365374,-1.3336476,0,0.43784920599629007,126,4.23015873015873,0.868678982480395
121,-1.0943711,1.8538712,3,-0.2367962157190121,74,3.608108108108108,1.332600378573582
49,-3.6356716,2.8689368,3,-0.7734185044156856,215,2.683720930232558,1.2539526725254468
155,-1.2261788,0.16682874,3,-0.6080240663040473,22,2.6363636363636362,0.8477114595277798
68,-1.7842036,0.39763674,3,-0.43859110430477427,34,3.0294117647058822,1.604638996834001
172,1.1999559,-0.8665097,0,-0.6419027485156217,27,3.185185185185185,0.878680699731007
19,0.18723224,1.9927742,2,-0.17360697733402314,20,3.55,0.8255779474818965
268,-3.1145134,-2.2277093,1,-0.5838372500882851,328,2.942073170731707,1.0975360090975406
5,-5.2224846,0.5588796,0,-0.5379931604170758,175,2.874285714285714,1.36296306211973
80,-0.097412206,-0.021047153,5,-0.1471919298736316,29,3.7586206896551726,1.0231314820474688
66,2.819709,-0.10858003,0,-0.23662882855579329,38,3.473684210526316,1.032887375280686
18,-1.1221747,2.1666403,3,-0.06949128058139839,277,3.88086642599278,0.8492720498768546
26,-0.68398803,-1.1116524,5,-0.5645936268969696,107,2.94392523364486,0.8559643761425944
130,1.1635219,-3.3168428,4,0.5021503045109581,353,3.9858356940509916,0.9812578582057297
256,4.364972,-0.12092606,4,0.4658135419820494,207,3.9903381642512077,0.9450450144117871
1,-2.7565384,4.105307,1,-0.13635154273921068,272,3.610294117647059,1.2635847449382043
56,2.3782265,-1.5948236,0,0.0070263704375822635,187,3.641711229946524,0.9361171590769882
15,-1.4107121,-4.921814,4,-0.5849923217596426,104,2.875,1.341550327625989
207,2.520124,-2.4599862,5,-0.4551872814451099,230,3.2304347826086954,0.8274413567044417
232,-0.24512091,0.9131223,5,-0.0697625141521662,93,3.903225806451613,0.8976359789085642
52,-0.9188431,1.3638657,3,0.47143164260502995,56,4.267857142857143,0.7259118761585679
161,0.4821037,3.004218,5,-1.2412623138484742,58,2.5517241379310347,1.1265910977423892
148,-1.4258567,-2.7567592,3,0.02987316473956759,65,4.0,1.2747548783981961
125,3.8204668,-4.269264,4,-0.2313616527501908,182,3.4395604395604398,1.2977565955947792
83,1.6833504,-3.7018566,4,-0.15994659137529776,155,3.4193548387096775,1.121634751658949
272,-0.7916295,0.35070068,2,0.19851625850026547,51,4.333333333333333,0.8869423130433383
151,-1.9036826,1.0393192,3,0.15325990747050522,307,3.996742671009772,1.0400426440965043
54,-0.25821757,-2.2582078,4,0.12557869494404122,65,3.6923076923076925,1.1445943184579215
16,-5.8469715,-0.22210342,0,0.4479153984641334,140,4.328571428571428,1.0418775052128004
91,0.36418667,-3.3921378,0,-0.05327205697432504,98,3.8877551020408165,1.0342849819768114
294,-2.066739,-2.3865533,1,0.07898734098004327,150,3.466666666666667,0.9530358885801209
229,-4.2260947,-1.616943,5,-0.7925236517734048,30,2.7333333333333334,1.4605934866804429
36,3.7184403,-1.0174751,0,0.4340378937340418,20,3.8,1.2814465510343749
70,-0.6133618,-0.26745194,1,-0.22376491293781942,131,3.4656488549618323,0.8161608997068026
14,1.6267363,1.6371075,2,0.1287686206980023,98,4.091836734693878,1.0363171776330202
295,0.98060477,-0.24302448,5,0.6527635229845138,196,4.239795918367347,0.7900976630211356
233,-0.9742409,-2.2925913,5,0.4295134034050161,110,4.345454545454546,0.7948961461952309
214,0.9988245,2.2659788,2,0.0012489918308288862,128,3.8984375,0.830897851819031
192,0.8739236,0.44003442,2,-0.06323657158261471,35,3.5142857142857142,1.094677727795305
100,1.6735622,-1.0776162,4,-0.43422210013606144,59,3.0677966101694913,1.0482235675534672
307,-1.4277797,3.199417,3,-0.0003741305406563156,112,3.794642857142857,1.032258023972993
297,-0.77956843,3.6672568,3,-0.3195838968216581,192,3.4375,1.0665057688422612
193,4.1111407,-3.0765557,3,-0.16876472567144993,121,3.165289256198347,1.1131569778338881
113,2.3129704,-0.085119374,0,0.2295726544796455,51,3.7254901960784315,1.114960651728105
275,2.3492906,-1.3599292,0,-0.6251824051389603,95,3.1157894736842104,0.5989913133802852
219,-3.4268007,3.2566319,2,0.03231091547391006,28,3.7142857142857144,1.5836465855538944
218,-2.4905965,2.1279976,2,-0.34683294215142846,53,3.6037735849056602,0.8166446982225368
123,-1.3059319,2.3589303,3,-0.19594023544762978,54,3.8518518518518516,1.1058576012497219
158,1.2879109,1.9674331,5,0.18024640649858042,173,3.8034682080924855,1.0038238491908473
302,-0.91334116,-1.8018979,5,-0.6893347839574671,21,2.4285714285714284,0.8701395618766321
23,-0.8858446,2.2168884,3,-0.19053900182660133,151,3.6357615894039736,0.9555692454141964
296,-1.0495409,1.4910458,3,0.24855046522772256,147,4.1768707482993195,1.186110717371909
33,0.78135055,-0.9295361,5,0.25334740604824746,24,3.7083333333333335,0.5500329370901874
154,-3.9393435,2.0176582,2,-0.1220887651702282,51,3.9607843137254903,0.8935498713272918
77,-1.6458082,1.7180992,2,-0.3874134461798029,72,3.611111111111111,1.2051013113340427
270,-4.7322836,-1.9327296,5,0.7115926008113633,138,4.333333333333333,0.9914476132553265
187,0.7312442,1.1262076,5,0.11181165103319786,56,4.071428571428571,0.9116846116771036
170,0.50615925,0.11781306,5,0.4866473711530627,22,3.772727272727273,0.9223065383316712
101,1.0242039,-2.2640786,5,-0.4509176943340292,67,2.8955223880597014,0.8727235036855142
184,-1.865851,3.0830355,3,-0.10360260914625653,251,3.6613545816733066,0.8347817425943886
112,1.753335,-3.301848,5,0.17646422444561755,46,3.6956521739130435,1.072267902208343
133,0.0059064645,-0.13568057,2,-0.28443958716940604,26,3.1923076923076925,1.0961470984947512
215,0.04283152,2.5564845,2,-0.10916325034147963,93,3.774193548387097,0.8862357162406244
69,-2.8035185,-0.25778452,1,0.05797338305602111,65,3.8461538461538463,1.064054293004609
104,-1.9693791,-2.6469128,3,-0.823230193456757,111,2.6666666666666665,1.1547005383792517
240,-0.59624463,-2.1665993,5,0.1591863668386945,24,3.75,1.326977605394074
144,0.06888957,4.5909443,3,-0.18931415179088265,206,3.674757281553398,0.9505036864071329
191,-0.9935426,0.42803997,5,-0.0705928076261081,27,3.6296296296296298,0.7916947813271392
61,3.8037589,-2.5508924,0,-0.4627885175211745,21,2.9523809523809526,1.2440333788202982
142,-2.2535458,-0.34567925,1,-0.11596219088954618,33,3.6363636363636362,1.1942095141290592
177,-3.6039119,1.0520171,1,-0.259954008871703,115,3.617391304347826,0.9874884738003954
203,-2.1705918,-1.7565382,5,-0.06915462807653035,43,3.4186046511627906,1.0518138106902781
21,-4.382834,-2.7344718,1,-0.45025840219666446,179,2.670391061452514,1.3272279818760262
197,3.7792313,-2.688658,0,-0.36065947073890253,118,3.3389830508474576,1.2280227940133093
134,2.45086,-0.6993766,4,-0.0028555935628640696,25,3.64,1.0754843869934452
180,1.0590672,3.466174,5,0.2051075042609991,63,3.9365079365079363,1.305979003351149
236,2.7580156,-4.824505,5,-0.47148481512730456,124,3.475806451612903,1.171918791252778
263,-2.2787971,-0.3370664,3,0.06375593546078344,123,4.048780487804878,0.9987997595194712
109,4.9643507,-1.9565091,0,-0.27164929086956385,234,3.4401709401709404,1.13784374264273
64,-3.894872,3.9371877,1,-0.22450070497955443,200,3.585,0.9988812837847538
114,-0.9477476,-2.1686745,2,-0.4372473390499497,48,3.6041666666666665,0.9165054661613024
239,0.076840736,1.8324755,2,0.13395078476547115,159,4.213836477987422,1.254686303394899
117,1.047965,0.2690817,0,0.3526383964238761,86,3.9186046511627906,1.0314480543969673
65,2.6686947,-2.26316,4,0.05178659297054526,80,3.9375,0.8907932746871455
137,0.8506552,-1.7394887,0,0.6529123341652796,47,4.319148936170213,1.1054486199045361
257,-2.93081,0.7493618,3,0.18037992646566733,57,4.035087719298246,0.9629736734404264
111,-0.50096214,-1.5950924,5,-0.274370793141049,24,3.5416666666666665,0.9315329426211431
285,3.039351,1.0380322,5,0.04599791803411858,32,3.9375,0.8400268812903089
96,0.16172616,0.054631993,0,0.19027479764265812,56,4.267857142857143,0.9437078020152295
116,2.3669116,3.2827013,5,-0.6038511502480912,143,3.006993006993007,0.9822115280662541
73,-4.050756,2.5274327,2,-0.3622844040523293,66,3.727272727272727,1.1575232783232223
221,-5.087709,2.4351857,2,0.040830595313502464,146,3.6164383561643834,0.8964318076847803
235,-3.8035152,2.2958305,3,-0.008129608010944409,94,3.978723404255319,0.8292855249019739
164,2.7386978,-0.3174938,4,0.48223888287327055,63,4.126984126984127,0.9586964182287471
281,2.770943,0.40156674,5,-0.2238280650062759,26,3.1923076923076925,1.233506571339797
182,-1.9830323,-0.54751945,5,-0.05700295773957034,28,3.857142857142857,0.9315175080076961
129,-1.0067203,2.2885408,3,-0.9031648840058099,30,2.6,1.1626367179523596
45,-0.34494504,0.30201286,3,0.19421202150192518,48,3.6041666666666665,0.9165054661613024
131,-0.31173795,-0.7275868,5,0.13049865044119513,30,4.133333333333334,1.0416609195243756
230,2.7274432,-4.1433115,4,0.02672323637189818,133,3.8496240601503757,1.1381553430315516
126,-4.0982337,-1.9973605,2,0.14260076455317622,45,3.533333333333333,1.1793680896603447
231,2.493656,1.5018431,5,-0.0340331844180195,21,3.6666666666666665,0.912870929175277
280,-1.9739397,3.6044943,5,0.16919893900341898,258,3.5775193798449614,0.9999019648503931
288,-3.9839506,-0.75604874,5,-0.0814171833636915,75,3.88,1.207633379125626
152,2.503782,-2.3467672,4,0.5829752776554942,106,4.320754716981132,0.9908838749061198
217,2.215135,1.6429006,5,-0.5033707869056933,76,2.960526315789474,1.3802491511673702
79,0.12123072,2.0885394,5,0.2926761693240312,55,4.0,1.0363754503432014
75,-4.584606,-0.09033008,1,-0.10614069347645685,79,3.278481012658228,1.3581351171476754
245,1.0780333,-0.12978254,5,-0.08313865687626656,22,3.272727272727273,1.1204513623586057
282,0.09842571,-0.64062274,4,0.08391635840856675,22,3.5,1.0118347314702751
78,-2.0741088,-4.1558104,5,-0.06575815979413085,21,3.380952380952381,1.2835961388299075
118,0.09053122,0.6806134,2,0.8439907312025448,71,4.661971830985915,0.7548635065234545
283,-2.3464322,1.3898146,2,0.38477372747049704,53,4.132075471698113,0.8329220078239989
171,-0.026890015,-0.17003092,5,-0.27038208384665857,28,3.4642857142857144,0.7444681351359533
107,-2.624571,-0.108954154,3,-0.4516700696758862,22,3.0,1.2724180205607034
226,4.4199224,-0.14416917,4,-0.0689421365203163,50,3.8,0.9258200997725513
306,-2.3813882,0.077121146,2,0.12870690788601388,32,3.78125,1.0075321174741456
173,0.83688194,1.1841756,2,0.7125099257126176,43,4.209302325581396,0.8326131993647277
185,0.004960143,1.3756486,5,0.11454441351885712,48,4.041666666666667,0.7133479152748331
150,-1.6493483,4.018876,5,0.1572152972781312,32,3.84375,1.0194677612014182
274,-1.0065857,1.4811256,3,0.448693691804561,71,4.056338028169014,0.9839762474436049
188,2.688661,-4.504503,4,0.010668275130143803,112,3.767857142857143,0.9770533274254813
48,3.793221,-1.4344544,0,-0.2042266832326466,66,3.787878787878788,1.045358260489624
311,4.576438,-2.0316398,0,0.0028597225811670536,294,3.795918367346939,0.8699674428822843
165,1.4887271,1.0198431,2,0.10452489834882396,30,4.0,0.8709883407113853
208,2.012048,-2.1022382,4,-0.07904713039926811,33,3.787878787878788,1.0234004518508308
2,-0.8773318,0.7722455,2,-0.014706319102991998,62,3.7096774193548385,1.0304717489496715
205,2.4283388,-1.3306895,5,-0.5965400272491234,22,2.8636363636363638,1.0371873387954442
248,-0.6014708,3.593351,1,-0.36948847420560427,56,3.5714285714285716,1.1886913026463235
93,1.8720204,0.80523795,2,-0.09820664664436718,20,3.35,1.2258187382102494
159,4.3581285,-2.4902184,0,0.1691415718963034,107,3.4299065420560746,1.3396151906826608
146,-0.6249462,2.5761666,5,0.035653969540400954,29,3.6206896551724137,1.207529742415372
29,-1.3026961,-0.05920602,5,-0.012829780425129727,34,3.6470588235294117,0.8835998319950068
156,-2.7114344,0.5090506,2,-0.38230006694683744,37,3.72972972972973,0.8044545649986374
37,-1.5746019,-0.2394864,5,0.11856549438492431,57,3.6491228070175437,0.9908731371547203
141,3.621194,-0.32592168,4,-0.18364001943776567,107,3.4299065420560746,1.339615190682661
195,3.856739,-4.321278,1,-0.1852018240841955,96,3.2916666666666665,1.0251230135854215
108,-1.9462477,1.6854423,3,-0.030085186031520755,33,3.5757575757575757,0.9692233691951199
47,-2.3371177,1.0687652,3,0.041830719661201415,25,3.64,0.9073771725877466
255,-2.2614172,-2.6687188,1,-0.6282679307125215,83,2.5421686746987953,1.3187318818015772
89,1.2189353,-0.41913435,2,0.33735953087290393,76,4.0394736842105265,1.1482251750556502
140,-1.0422356,1.0309652,3,0.043697084726170246,21,3.4285714285714284,0.8106434833777776
190,0.5694458,-2.0126753,4,-0.23081949875190988,59,3.3220338983050848,0.9903095643857286
24,-0.3801302,2.196612,2,0.4702118263139025,68,4.323529411764706,0.8184655550441197
17,-3.081259,1.2775987,3,-0.6314174917167755,28,3.0357142857142856,1.1379690439434391
313,-1.2011108,-0.61513835,2,-0.19546219627147343,262,3.595419847328244,0.9963813911814575
53,0.6876113,-0.849913,4,0.13415521479556458,28,3.8214285714285716,0.9048663264720757
124,-0.17660034,1.8917603,2,-0.4288271716317405,24,3.5,1.0215078369104982
149,-1.3246756,-0.0064389054,3,-0.6481097708492272,36,2.888888888888889,1.1155467020454342
176,-3.4403608,1.443094,2,0.07626879313720612,63,3.6984126984126986,1.0416321038812837
106,-0.0842985,-1.3258028,5,-0.1265144337455645,64,3.765625,0.7069313857277693
312,-4.7228384,3.152464,5,0.48124866526557075,223,4.381165919282512,0.916812183849503
175,0.33634466,-3.9671884,4,-0.19979607194479057,38,3.736842105263158,1.1314714296070714
153,2.555494,2.4526916,5,-0.716156823090883,23,2.9565217391304346,1.4917427535227872
220,-0.39561477,-0.0933771,5,0.19579210612721915,22,3.772727272727273,0.9223065383316713
143,1.0991236,-2.1593835,0,0.30550891741380687,20,3.9,1.0208355710680805
199,-3.821956,-0.85632664,3,-0.5785724986834991,40,2.95,1.5681117176318653
202,4.0494404,-2.6068916,0,-1.1124337390891847,20,2.8,1.2814465510343749
277,1.0832094,0.7467278,2,-0.13191734938842903,54,3.5,0.8411582311380665
206,-0.031396717,-2.5181446,4,-1.3226483001097809,64,2.171875,1.4644429841985156
76,-3.6843708,-0.33600777,1,-0.3447274318686988,82,3.5609756097560976,1.1232400332241002
314,2.051033,-3.6965652,4,0.08800127221498041,245,3.6775510204081634,1.1479249465174408
136,-0.93409175,2.2949502,3,0.28386512628473837,35,4.3428571428571425,0.72529333387814
179,-0.7471556,-2.4492648,4,-0.5579488431397868,42,3.0476190476190474,1.5919367090063592
4,0.08199836,1.5771891,2,0.7261626863086225,24,4.333333333333333,0.9168313422570847
304,1.4283911,-0.30050924,0,-0.07094626382415077,26,3.3846153846153846,1.061203960675725
3,-0.95583105,-0.90513736,5,-0.5534035035984761,54,2.7962962962962963,1.2190257419794979
227,1.2303591,3.4867258,3,-0.16777428447578294,58,3.4482758620689653,1.0624766464818975
252,-0.98718435,-0.13380432,5,0.573078068605841,21,4.428571428571429,0.6761234037828132
212,-2.9212735,-3.8981514,4,-0.1612219205597455,25,3.92,1.2884098726725126
310,-0.46139196,2.041178,2,0.194575223861733,21,3.857142857142857,1.424279266355945
35,2.8904164,0.1623178,0,-0.19595671959538635,25,3.0,0.9574271077563381
147,0.716328,0.8941863,5,0.38941892800202116,20,4.2,0.8335087534664909
105,-1.4985625,-1.8010995,3,-0.27001422450814067,23,3.391304347826087,1.0761518325953912
34,-0.6447349,2.4492474,2,0.7016514941819141,20,4.05,1.3945382182304156
71,2.5725372,2.5815072,5,-0.144603605755118,38,3.789473684210526,1.0438466993391293
51,0.14168245,-2.8416398,0,-0.5042249807405504,23,3.5652173913043477,1.1994728750020205
204,-3.2444031,0.60084057,2,-0.24790846130716324,42,3.4523809523809526,1.3471266794032573
315,-1.3543599,2.781715,3,-0.0026025933518520716,87,4.011494252873563,0.9337876467123739
31,-1.2397346,1.6811255,2,0.07534316811316277,36,3.9166666666666665,0.9673232581274399
316,-0.62356627,3.3544538,5,-0.6381316292027128,75,3.36,1.4392190074312354
103,-1.7217971,0.6612568,2,-0.031059669279472013,29,3.6206896551724137,0.9416472308615167
318,-1.8495698,-1.5150231,5,0.03309926941383015,174,3.706896551724138,1.031446944096084
30,-1.112617,0.249067,3,0.330364864649618,43,3.7674418604651163,0.9961164901835046
120,-0.031875234,1.0333188,5,-0.03741204094292657,26,3.576923076923077,0.986836437230686
46,-0.20817973,2.4346087,2,0.40155550556533065,27,4.111111111111111,0.9336995618478525
289,2.7173417,0.74933726,5,-0.4933601370434228,27,2.925925925925926,1.0715167512214396
209,3.590661,-1.7510263,0,-0.4482900969229652,33,3.1818181818181817,1.2362884335417408
261,3.6797628,0.9614591,0,0.7977111607981665,27,4.111111111111111,0.8915558282417289
88,-0.018545637,2.7428782,2,0.31949115636967157,21,3.9523809523809526,1.1608699529314417
9,-0.7864487,-0.9188226,5,0.34777097379940825,22,4.2727272727272725,0.9351250581921515
247,0.74647415,1.4447923,5,0.07021699809624564,26,3.923076923076923,0.8909804452658621
321,0.50328916,-0.9945143,5,-0.2812367577777136,125,3.736,0.7420981588842238
266,-1.9295648,0.54449606,3,-0.4497795914710017,23,3.260869565217391,1.09616651457157
74,0.5110263,-0.7903185,5,-0.09123485737941756,39,3.641025641025641,0.7066294900210021
238,2.3785267,0.3562495,5,-0.2416415399555889,29,3.2758620689655173,0.8407714027749386
319,1.1869272,-1.483747,0,-0.028098280534287978,23,3.4782608695652173,0.7902568752334618
323,-3.2907653,-0.98564553,1,-0.09549709426502895,89,3.6179775280898876,0.959469763339107
67,0.34529543,0.54824364,5,0.512348218935818,30,3.7666666666666666,0.897634182970313
211,1.7899874,-0.09889374,5,-0.47834136302693747,37,3.189189189189189,1.1263963639717454
98,-1.8586185,0.22669984,5,-0.09872597333815779,27,3.5925925925925926,1.3085299814107096
12,2.554208,-1.9226015,4,0.3844213252259462,51,4.392156862745098,0.7766191182954232
40,0.6146733,-4.806576,0,-0.6313234147991107,35,2.8857142857142857,0.9631879839558708
258,2.0062575,0.9675953,2,0.2779235449769728,23,3.739130434782609,1.388831795049606
228,-1.0425504,-3.5273418,4,-0.6299299068305863,21,3.142857142857143,1.4928400545843579
325,-1.4415363,2.784383,3,-0.4918030625446932,142,3.408450704225352,1.1182238295679827
320,1.6918449,-1.5525326,0,0.22026673489264428,154,3.720779220779221,0.8440236130788538
326,2.7499628,3.9546926,4,-0.5076825957352537,187,3.3262032085561497,1.2117294231978575
327,-3.3944569,0.51657593,2,-0.42627326029165535,284,3.313380281690141,0.919189139765488
183,1.562105,1.945605,2,-0.34489547883719796,53,3.188679245283019,1.0010879422981802
328,2.8263757,4.6421375,5,-0.23866091428795572,283,3.431095406360424,0.9058641899212375
322,-1.1695521,-3.5394628,2,-0.007490336134223733,51,4.176470588235294,0.8415671655415552
330,3.2187667,-0.57552457,4,0.7290251184566964,147,4.496598639455782,0.7344194395226895
27,0.5648503,0.3855851,5,-0.22325090614202092,25,3.24,0.8793937305515279
331,-0.40186766,-3.389373,5,-0.21381851851127495,70,3.642857142857143,1.0637057766582199
332,1.1759969,-2.0318892,0,0.5680364688067975,183,4.1530054644808745,0.9130189236346805
329,-0.73563445,-0.024668956,5,-0.44302363137277534,65,3.4,0.8253787009609588
86,-2.3494947,1.3444817,3,0.0909547183338455,23,3.5217391304347827,1.1626601636447695
139,-1.0598419,1.1481543,5,0.1771711896039371,24,4.0,0.8340576562282992
300,1.1634438,0.077115975,2,0.5026645383626365,20,3.75,1.019545822516343
163,-0.10512841,0.15286192,5,-0.5577190786139405,23,3.3043478260869565,0.8756702684071968
333,0.5603635,-2.990616,4,-0.04513985295024248,26,3.8461538461538463,0.9671528397231822
334,1.029014,2.8374248,2,-0.22782134697128278,333,3.5195195195195197,0.9103208806747982
39,4.2965717,-1.5665216,5,0.11714486015264637,22,3.772727272727273,0.9223065383316713
324,3.2413054,0.80006915,4,0.7556922304330213,66,4.348484848484849,0.8132068379602827
132,-0.02936178,-0.8798073,5,-0.20715446723135833,22,3.772727272727273,0.6853444168423419
336,3.4903595,2.5105016,1,-0.38032406247831435,130,2.9615384615384617,1.2843955906935232
335,2.3605082,0.7086533,5,0.07285219141918452,22,3.5454545454545454,1.2238608980744088
169,1.6154397,-2.3220131,0,0.10884205005108359,37,3.972972972972973,0.9856325235459062
338,0.5633925,2.8817713,2,-0.0679306311782095,75,4.0,0.9444002816030349
339,-3.1262524,1.3171382,3,0.2401150568858301,254,4.003937007874016,0.9175411009353406
309,0.5789696,-1.5157827,4,-0.03362903668990323,20,3.5,1.0513149660756937
342,-3.3739958,2.3152363,3,-0.3556983792719503,201,3.4378109452736316,1.2873861829612752
340,2.5765352,-3.5740643,4,0.14987635276984568,44,4.159090909090909,1.1801297094295289
317,0.78534436,0.4556256,5,0.2090497777730318,22,3.5454545454545454,0.857864054457777
341,-0.11103869,0.0895727,5,0.6714123719237819,21,3.8095238095238093,1.123345344008138
343,-3.010238,1.3192871,3,0.1684922431886146,237,3.9873417721518987,1.09110817814993
344,-3.8622286,1.0035154,1,-0.08801146651298365,190,3.668421052631579,1.0238182665593951
345,-1.9555198,0.73166025,1,-0.0016536331508351296,232,3.646551724137931,0.9188201576813154
346,3.1819189,-1.712778,0,-0.35112418745759444,193,3.290155440414508,1.1496179060362195
347,-0.78084457,-3.9334803,0,-0.08746624277776635,199,3.5728643216080402,1.3155892548812518
273,-0.72902584,1.0047003,2,-0.09673189956323827,22,3.6363636363636362,0.7267314002700916
55,-2.8463016,1.9621202,2,-0.25791040220478056,21,3.2857142857142856,1.4880476182856899
349,-2.7374334,0.6164727,2,-0.19334180343355495,41,3.1951219512195124,1.1004433696270324
348,0.8914367,-0.84395295,4,0.5353582597738945,58,3.896551724137931,0.6930647718499557
354,-1.5157268,2.595576,3,-0.18820538781087634,233,3.742489270386266,0.8673914426342175
351,3.5393133,1.8481286,0,0.629352237985809,44,4.159090909090909,0.9386576714124697
358,-1.3904647,-4.959069,5,-0.2157814443236471,43,3.697674418604651,1.2058366729989012
352,5.2438016,-2.0680223,5,-0.31046503132390496,42,3.738095238095238,1.1906039420420373
360,-2.516492,1.3568621,3,0.004567341301381712,102,3.9607843137254903,0.8550556536510437
363,0.108446926,3.718497,1,-0.5541135287959924,311,3.054662379421222,1.2802100880385263
355,-0.38345852,1.1999012,3,0.6345810302703863,26,4.076923076923077,0.48357641986159117
362,-4.631402,-1.8705409,5,-0.021457410911979113,25,3.36,1.5242484486898233
357,1.6205466,-2.0201535,4,0.7738813968172454,76,4.131578947368421,0.8995125385549355
356,-0.0545019,-0.9459954,5,-0.08164206361783287,24,3.5833333333333335,1.1389036172018079
361,-2.183886,1.5378797,3,-0.14916074792876058,121,3.7768595041322315,0.9616617848442103
365,-0.89744425,-1.8994668,5,-0.22436178271964177,58,3.3793103448275863,1.1821417703280197
350,-3.5042622,0.27457502,3,0.13549877000749153,50,4.32,0.8191583535332256
367,0.0057339673,0.7329422,2,0.6146937725363095,58,4.155172413793103,0.7446116175430225
368,0.8855179,-0.76425636,2,-0.29814072810688896,45,3.2888888888888888,1.1000459127241053
371,2.6293395,-1.5683572,5,0.1701100754469277,51,4.098039215686274,0.9435020288432732
373,0.16617082,-4.1790113,4,0.045837970012861086,233,3.7339055793991416,0.9502770601494711
370,-0.5950315,-3.7784097,5,-0.2512146609417256,75,3.6933333333333334,0.944018628614484
374,4.1795554,-2.6900368,0,-0.26817112517144615,274,3.31021897810219,1.3045867054433242
372,0.89855546,-2.8067393,4,0.7835820044682839,66,4.303030303030303,0.7009816626526627
337,2.4982972,-3.5839536,4,0.2771127353956606,34,3.9411764705882355,1.1265709965815207
378,-1.0661675,0.70930886,3,-0.1667518894254586,375,3.424,0.8037079843227706
366,-0.2360454,0.721419,5,0.7529304469091013,33,4.393939393939394,1.0879853497231116
377,0.7359523,1.6250526,5,0.2871033666168237,33,3.909090909090909,0.9474847084398105
375,0.67242736,-2.022324,0,-0.023661294425891283,28,3.6785714285714284,0.8629652337776967
359,-0.6580968,0.049026966,5,0.3095183994352573,27,3.925925925925926,0.7808243142260682
379,-2.1873384,0.6738839,1,0.12670646749779108,196,3.989795918367347,0.9445649977953754
380,-1.0500896,1.0000786,3,-0.6415098966784133,162,3.197530864197531,0.9180015167502561
381,-5.4517164,1.0447129,3,0.004127861505981309,127,3.811023622047244,1.1107861041977614
385,-3.4714148,3.2517796,2,-0.561656868362448,281,3.295373665480427,1.2166757781599664
382,1.5736039,0.35601723,2,-0.2855678819771922,53,3.4716981132075473,1.0488780376578521
387,-4.6007485,1.4321179,1,-0.48233640035030156,304,3.361842105263158,1.2053201215648146
364,1.4281124,1.1430904,5,0.1670323242893976,20,3.45,1.0990426455975697
369,-0.07205449,-0.9582812,5,0.30634391684612977,22,4.0,1.023532631438318
388,1.3013415,-3.0342567,4,0.5564643303508476,52,4.173076923076923,0.8568330618782177
386,0.8295232,0.0723924,5,0.17520478420743613,23,3.652173913043478,0.8316847989130756
389,-3.3715744,0.54323757,3,-0.1252208474179789,271,3.7047970479704797,1.0334834368355765
383,-2.8825994,-0.034576967,3,0.25708456259045065,71,4.380281690140845,0.8513216142831536
390,0.4927328,1.5218496,4,0.0526161348268153,31,3.838709677419355,1.1859391269804813
393,2.808123,-2.2432783,4,-0.15963545100679172,448,3.3370535714285716,0.8166402918367415
392,-3.0056193,-0.13332354,3,0.15522089609552042,111,4.045045045045045,1.1232047282614426
376,-0.12828593,0.4103358,5,-0.11164208685587008,30,3.7333333333333334,0.6914918072835209
394,-0.8516215,-2.9727576,2,0.24690242747920924,149,3.859060402684564,0.9373635700959791
391,-2.3292842,0.85913384,3,-0.16843267432795153,121,3.768595041322314,1.0145633755341292
398,-2.2183402,-1.4482309,4,-0.24307204478929847,172,3.7093023255813953,0.9411487204011325
397,-2.9055235,-0.82395697,1,-0.18436250267312967,102,3.7058823529411766,1.3319250959681088
399,3.7761889,-0.12000654,5,-0.5063494416941371,319,2.93730407523511,0.7945294115788563
396,3.6235332,-1.1144937,0,-0.03683553051906192,54,3.4074074074074074,0.7895190443893858
401,3.0774791,2.1493409,5,-0.6482491209506711,153,3.1176470588235294,1.111786000746145
402,-2.2539427,-1.087452,3,0.04872447598938413,68,3.8970588235294117,0.9946079386934471
384,0.7227996,0.18802716,5,0.5291545892450504,22,4.136363636363637,0.5602256811793027
395,-4.509674,-0.79901636,3,0.16272524874445957,57,3.8947368421052633,1.0968169942141635
353,-1.7020551,0.04811437,3,-0.16107288844928125,25,3.36,1.3503086067019394
403,2.6382532,-3.6281824,4,0.017266590434785605,50,3.68,1.2361890087305105
405,3.9054065,-4.327207,1,-1.6223421659088735,737,1.8344640434192674,1.3451829383515077
400,-0.60312337,-1.1157383,5,0.015778379639484537,22,3.590909090909091,0.7963662060880874
406,5.52638,-1.1153612,2,-0.2559058234087498,342,3.5321637426900585,1.0737417772419717
407,1.6835477,1.6161141,1,-0.22865082433977915,226,3.4690265486725664,0.8596722523812533
409,-4.718762,-0.8150025,3,-0.405529566482572,203,3.5911330049261085,1.162670277977132
404,2.3170266,-0.23943299,0,-0.2064021026108582,44,3.25,1.1023231282476873
413,-0.020295316,2.1235273,3,-0.028782117600471467,50,3.66,1.0022423838165933
416,3.4475965,3.555619,4,0.20034501253250805,493,3.845841784989858,1.0934802867536102
408,1.8256158,0.12921153,2,0.17313692157058883,27,3.740740740740741,1.0951850069418405
410,-2.790529,-2.0453181,2,-0.47114214689998873,28,3.0357142857142856,1.0357370915204893
411,-0.4154647,-0.49414364,5,-0.11886837114031196,58,3.7758620689655173,0.7733069440811101
417,-2.7092063,3.20639,4,-0.26234404509485915,365,3.2465753424657535,0.9431770882077265
412,-1.1220456,-1.3735162,0,-0.1009644311877782,51,3.9411764705882355,0.7324415254716886
420,-0.18290637,1.7384708,2,0.15216532305436592,36,4.166666666666667,0.8451542547285166
422,-4.9603496,-0.80202645,3,-0.07577730942273503,97,3.463917525773196,0.9249082800259069
425,-1.9691815,-1.408685,1,-0.6714470606335176,204,2.9558823529411766,1.093200978859632
419,-0.46307877,-1.401087,4,0.15467550322995044,32,4.21875,0.9064064103067461
415,-0.5902809,-0.38037044,5,0.28678754116587085,24,4.166666666666667,1.0494995356656043
423,-1.553917,2.0143065,3,0.04782720138423941,64,3.578125,0.92246542499839
429,-3.6619148,-0.525231,1,-0.2991211353751753,414,3.393719806763285,0.9137418366595391
428,2.5052083,-2.083386,0,0.489376882598741,55,3.9272727272727272,0.8131909131805775
427,3.039574,1.1752136,5,1.1565988327464714,31,4.548387096774194,0.7676244601548055
418,0.0056403214,-2.3551471,5,-0.81055713974033,20,2.9,1.5183093090324964
424,2.8482099,1.4798309,5,-0.12044587221473863,44,3.3636363636363638,1.331041017502782
432,0.8577485,0.59506893,0,0.11485466972624409,62,3.7096774193548385,1.0771409755092878
421,5.0743146,-2.1618328,0,-0.20467354678769864,62,3.8548387096774195,1.0377588429793865
435,-4.175965,-3.5691428,1,-0.22613873433665832,379,3.316622691292876,1.066574000246707
433,-2.0021417,1.5013919,3,-0.17120208452158692,41,3.5121951219512195,1.3251783128981587
426,1.6139811,0.82933617,2,-0.21989237671036949,101,3.8316831683168315,0.8132565023495733
436,2.7983735,1.7146559,5,0.15580344723334438,145,3.7517241379310344,0.9016268820763712
430,-2.1866305,-4.182373,3,-0.23969203237575784,65,3.5538461538461537,0.9847393251320569
434,4.5382533,0.75418216,0,0.324801309149755,44,3.7045454545454546,1.4237119099512368
437,-1.274049,3.1443832,3,-0.2554439178252454,263,3.581749049429658,1.1623751602298293
438,2.6422696,-1.7530706,0,0.417661360761646,33,4.0606060606060606,0.933387444318875
431,1.777155,-0.25601125,4,-0.11020600746665232,21,3.380952380952381,0.7400128699009549
442,-2.8883843,1.037881,1,-0.43794294242341775,143,3.125874125874126,0.918258707808785
440,-2.3032038,-0.565822,5,0.5318698147350848,51,4.176470588235294,1.1782339725698148
445,-2.4799767,4.250069,3,-1.5535244532998556,135,1.9851851851851852,1.09942444362565
447,-2.3591793,-1.4995962,1,-0.12842039391464158,139,3.597122302158273,0.9833352330644752
449,-2.9293466,1.8044994,3,-0.024631654521983782,75,3.7466666666666666,1.1518883829811144
450,-1.1009929,-1.6189351,4,0.2320043702456718,540,3.8648148148148147,0.8626785330336608
446,0.1803761,-0.652259,5,-0.6338013441805744,36,2.75,0.9063269671749656
439,-0.6694744,2.3116798,3,0.08639469430540017,31,3.7096774193548385,0.8638498475659905
451,3.2504165,-1.1340111,0,-0.5933846826554353,98,2.7346938775510203,1.3663935555402487
452,1.7914926,4.0606675,2,-0.37517283010758656,206,3.412621359223301,1.2414137976144026
454,2.1648166,-2.6652412,4,-0.9390874725469636,236,2.9788135593220337,0.9291819046346464
453,-4.1213074,-3.3639405,1,-0.3435042565146118,156,3.2884615384615383,1.0534711618424812
414,-1.2887039,-0.1470442,3,0.3421281474480906,25,3.88,1.1298967504452195
455,-1.1665965,-0.38027087,5,-0.23730842934461127,189,3.502645502645503,0.7482201478312542
444,-0.858171,0.8756267,2,0.056654857150427534,24,3.7916666666666665,1.1025333147551266
448,-2.7896564,3.3406894,3,-0.25838545899956555,38,3.3421052631578947,1.4194844094318892
457,0.30431965,4.226366,1,0.3842339332142484,277,4.025270758122744,0.9456672835659654
456,-2.6862047,0.24581982,3,-0.23266394643976812,217,3.456221198156682,0.8439164139935998
458,-3.7940612,0.56491256,2,-0.16544357728580988,183,3.6885245901639343,1.1075314140841381
462,2.657964,-1.1679517,5,0.40703620785782585,33,4.0,1.3228756555322954
459,3.390016,-3.1669652,4,-0.12075577215575128,118,3.3813559322033897,1.0452946382606552
460,-1.0500823,2.2333252,3,-0.38515308395237163,68,3.411764705882353,0.8849537321179365
461,-1.6639132,0.97697794,3,-0.5111128941586878,23,3.0,1.1281521496355322
467,-1.8801601,-1.033107,2,-0.09912543524042082,44,3.6818181818181817,0.9829411790754313
468,-1.9297898,0.45593563,1,0.0732398748656937,143,3.993006993006993,0.8998943873596821
466,1.1709619,-0.5755124,0,-0.21004211740635442,101,3.4653465346534653,1.1275136933593626
472,2.7413478,-1.537496,0,0.820151496056353,263,4.228136882129277,0.9211505149909563
465,2.1124656,-3.320088,4,-0.5188928859292333,80,3.4375,0.8088709117645004
463,0.47208813,4.244067,2,-0.6298115889394076,133,2.8646616541353382,1.2897142911655424
471,4.2143145,1.3875338,0,-0.11887431057911034,31,3.3870967741935485,1.5204696501374986
474,-0.83272254,0.10364107,1,0.13927428780072665,327,4.08256880733945,0.8191920346147052
469,-0.9209323,0.9147956,5,0.45037849511659267,43,4.534883720930233,0.5498414147691575
464,-2.244862,1.6710322,5,0.44757690548434526,53,4.037735849056604,0.8762302154233782
476,-1.489008,-2.5497532,0,-0.13601718313522917,83,3.3734939759036147,1.0206507175123083
478,-2.0739982,-3.6492436,3,-0.26193282124013817,113,3.415929203539823,1.2516108457619022
473,-1.5172793,-0.05593333,5,0.0041936002424033106,35,3.914285714285714,0.9194444797052755
470,-1.1226559,-1.1194861,5,-0.10181342895481775,57,3.5789473684210527,0.8006106691826075
480,-0.92128724,-0.5626502,5,-0.24198019706321067,60,3.7333333333333334,0.8994662573007388
441,0.27657583,-0.5078201,4,-0.022244652922946972,20,3.5,0.7608859102526822
479,0.5169426,4.519687,0,-0.358501964536067,202,3.4207920792079207,1.1870626678694716
484,3.2447443,-2.5617461,0,0.11879939663238538,139,3.9928057553956835,0.9890443556069363
486,-1.3905208,-1.7568831,3,-0.27936404843221946,189,3.2222222222222223,0.9910951031793565
487,1.7611876,-1.361244,0,-0.047574415858978945,231,3.645021645021645,1.1551242637685557
482,2.03332,-0.46089566,0,-0.054565100231803575,26,3.423076923076923,0.7575263387144725
481,-0.0015019133,-2.0421622,5,0.13829503977079738,56,3.982142857142857,0.9043545448866517
492,-0.67112327,4.135598,5,-0.601532912707273,55,3.5272727272727273,1.0337731224436377
493,0.3668146,-3.3352137,0,-0.09718168641925219,135,3.7555555555555555,1.1874132594662308
490,4.6390734,2.4284296,1,-0.8530388736321365,57,2.789473684210526,1.2209019222523154
489,3.0211332,-0.6744546,0,0.4111323477201953,109,3.7247706422018347,1.1044653443670909
483,3.8510334,2.7870412,3,-0.6868063998071006,59,3.0508474576271185,0.936312076134789
496,-5.348617,2.5751863,2,-0.6826209428655744,129,3.0310077519379846,1.2804905340344919
494,-3.5553167,-3.3553011,1,-0.053225086429899315,47,3.872340425531915,1.0957828505247573
495,-0.07602497,-2.4077723,0,0.4129305844077946,213,3.9530516431924885,1.131726257887524
477,1.5672635,0.8519377,5,0.9474455695480053,35,4.457142857142857,0.505432670960188
497,2.7346992,-0.811111,4,-0.30002505420240505,279,3.1792114695340503,0.9116342873240402
488,2.6778178,-2.139401,0,-0.5689828324586933,154,3.357142857142857,0.9123593735569736
498,-4.196053,3.4216592,2,-0.6042327260230883,149,3.2885906040268456,0.9248469706390935
499,1.4718525,2.8322737,5,-0.09356213781355603,102,3.8627450980392157,1.0248324247105518
491,0.8839428,-0.4689544,2,-0.07583084360573543,33,3.8484848484848486,1.227833766263071
500,-3.691029,1.756184,2,-0.1968216902394389,225,3.3422222222222224,1.0147327429833628
502,-1.1075755,-1.5915811,5,-0.0172075170331079,37,3.108108108108108,1.1250625608230709
503,-2.2989066,-0.07365957,1,0.0911874360585199,160,4.01875,1.2411795718427483
504,2.2663264,0.5766224,5,0.07334097031699552,251,3.6215139442231075,0.8222987892516811
505,1.7512861,-3.813318,4,-0.3788619366482023,112,3.3660714285714284,0.9954449022475091
506,-0.83629566,-3.1558142,0,-0.052669099466166505,242,3.6735537190082646,1.0840425796663524
443,0.9471275,-3.1561685,1,-0.02836297572527673,24,3.375,1.4981873105160464
507,2.6384614,-0.52186626,0,1.1201442853512118,58,4.724137931034483,0.7676142911251091
514,-0.92017037,-2.7759652,4,-0.026304663446390018,194,3.8402061855670104,0.8875838769459428
508,-3.3947427,1.0604548,3,-0.02585018278512245,87,3.8275862068965516,0.9789279441345713
511,-0.0445171,-0.38890973,5,0.34137772516700465,24,3.75,1.1131623577819225
515,4.3589125,0.7895086,0,-0.42387964586188237,40,3.0,0.9336995618478525
512,-0.48759285,1.3899379,5,0.3717940139284629,21,4.333333333333333,0.8563488385776752
513,0.94845617,-1.2663594,4,0.6555914476743798,22,4.363636363636363,0.7267314002700918
475,-2.8308601,0.39896694,5,-0.24980216472742986,20,3.6,1.3533583957579087
523,2.8866138,-0.22832938,4,0.6246480362173994,100,4.36,0.7180219742846005
518,1.9434518,-0.90726155,4,0.18612346001908184,73,3.643835616438356,1.0975966549908869
509,-2.291906,-2.077664,1,-0.9150601521051103,33,2.515151515151515,1.325735930559234
516,-1.2096196,0.057340275,5,0.14236397382167326,21,4.095238095238095,0.7684244858645451
510,2.1569364,-1.1437389,0,-0.4196093445624116,30,2.7666666666666666,1.1043279539543758
524,1.9146386,3.1724901,5,-0.270623369199717,306,3.4934640522875817,1.0596735162296955
501,-2.6900945,1.4499731,2,0.27592368668571754,73,3.767123287671233,0.5897397718298555
525,-0.58854747,-1.9844581,1,-0.2483663453930411,54,3.2962962962962963,0.9034447624807775
521,-0.24069883,-2.4102552,2,-0.6285368422741051,150,3.14,0.8672257704385586
520,-1.4992912,0.890055,3,-0.06588990134861983,23,3.4347826086956523,1.3082287455154336
519,-5.3531632,-0.16277866,3,0.9010425653593964,49,4.122448979591836,1.4087916373797156
528,0.3396361,-3.2283268,0,-0.19189895974315105,53,3.7169811320754715,1.080906999674277
532,3.379154,3.4812853,4,0.5126607546829955,274,4.12043795620438,0.9740695709770941
530,1.4428465,-0.06993278,5,0.04377783257628051,45,3.888888888888889,0.7752484124524868
531,1.7675003,3.6861167,2,0.05460260015660372,30,3.2333333333333334,1.654322099591069
529,1.6417452,-1.0750146,0,0.16782195202641265,43,3.604651162790698,0.8766694246848051
517,-0.116769284,-0.9883997,2,-0.16895764546493922,37,3.2972972972972974,1.244205790071742
527,-3.6444094,0.8049723,2,-0.23210549693032873,137,3.832116788321168,0.9515416520951475
485,-1.9089296,-0.43053368,5,-0.4716587741052318,26,3.0384615384615383,1.1128618685450313
533,1.1081434,-5.2292943,4,-0.37735184263318144,260,3.3846153846153846,1.057312214016805
535,1.4240892,0.35949218,2,0.0850482415433983,218,3.9357798165137616,0.8454293415610297
536,0.47641253,-5.215,4,0.04853509318835316,163,3.871165644171779,0.9822325242282997
526,-4.8814697,-0.2619392,3,-0.2981133311754064,68,3.235294117647059,1.2710043866996124
537,-3.7568886,2.1926072,3,-0.9068362349892384,490,2.8653061224489798,0.973167833453602
534,3.1503096,1.067441,0,0.6431511740448917,80,4.075,0.8535109915274831
541,2.424383,-0.5606893,4,0.0467635015290873,133,3.6240601503759398,1.118721563101589
538,-0.044244505,-1.1137555,5,-0.3929943411510134,81,3.617283950617284,0.9429727095012866
542,-2.9687254,1.8289912,3,-0.2454934575964974,135,3.488888888888889,0.7998756122203475
545,-0.3168614,-5.0845513,4,-0.09929490682111969,162,3.506172839506173,0.8284304817597293
539,1.0412159,2.1912806,5,0.10358185582471953,56,3.982142857142857,0.9043545448866516
547,-0.027637938,-1.316227,5,0.06046619678108287,23,3.652173913043478,1.0272954630384807
543,-1.5518336,-0.34323883,5,-0.22306279227824938,197,3.532994923857868,0.7250458570821992
548,2.2362964,-1.621135,0,-0.03532819008765295,155,3.670967741935484,1.2120053009793363
546,5.0127463,-0.5945924,5,0.5007617379721467,59,3.8983050847457625,1.1094409162717218
522,-4.1599293,1.1471334,2,0.11649163031465443,30,4.333333333333333,0.802295557085754
551,1.0793912,3.8729737,5,0.20637420570512388,334,3.802395209580838,1.3456169352506824
544,-1.0411358,0.23764965,3,-0.5475292875753555,31,2.806451612903226,1.0138821377494092
553,-0.13872498,-0.77032286,2,0.06560198819461911,100,4.17,0.779212241415468
552,1.001225,0.866149,2,-0.3030465297753685,84,3.0952380952380953,0.5514285417019662
540,-2.1426885,0.5227168,2,0.19319355776501332,63,3.7142857142857144,0.6071767407189163
554,1.0769802,-2.9824474,0,-0.19024243619185688,114,3.5701754385964914,0.7867182676573201
550,1.5909002,-1.2502623,0,0.15392276781065226,40,3.675,1.2065526224617105
556,-2.9664977,-0.34705395,3,0.16880339117862958,44,4.204545454545454,1.1926040582466166
559,0.13455033,-1.3076718,5,-0.1955868077152898,76,3.5789473684210527,1.0986435017145684
560,0.16700791,0.883352,2,-0.30277537990606784,101,3.396039603960396,0.9389271315793583
561,-4.2233725,3.3538537,2,-0.7366762235577902,357,3.0252100840336134,1.009467972628748
563,-0.206783,-0.15502228,2,0.3394139585499048,30,3.7666666666666666,1.0726484571581123
566,-2.5984693,2.601499,2,-0.21990289083741266,149,3.442953020134228,1.1112602435339172
557,-0.1317469,3.2302089,3,0.1652013669265562,53,3.7547169811320753,1.0724820310016763
558,-0.11020951,0.4461261,1,0.23192186174723528,20,4.2,0.8335087534664907
564,1.1945702,0.20311134,5,-0.12902412539000313,34,3.411764705882353,0.6567895774291852
565,-0.7497457,-0.8613868,5,0.5784819405266411,35,4.542857142857143,0.700540007794707
573,0.93241,0.30893782,5,-0.23807072881636454,51,3.7450980392156863,0.62747548971739
549,0.18711412,-0.09075495,5,0.15048575706415965,25,3.72,0.8426149773176358
567,-4.2359014,3.6289387,2,-0.006945798934709463,155,3.9548387096774196,0.9891747543259112
569,-1.3614713,1.4942557,3,-0.054011305767654165,70,3.4857142857142858,0.9127575220154908
562,-0.5101813,-3.946627,4,-0.22276905267723854,72,3.5416666666666665,1.4625609413088583
576,1.608265,-3.286814,4,-0.09750980825232514,36,3.5277777777777777,0.8778581437993958
577,0.52055603,2.917733,4,0.18390304859306414,188,3.8031914893617023,0.8392703894843124
579,0.36701456,-0.9051228,4,-0.3814874392858739,74,3.472972972972973,0.9099597006427153
574,-0.064723,-4.126683,5,-0.24614666066583343,46,3.5217391304347827,1.187698623104225
555,0.997509,1.9436868,5,0.3988870771027371,52,4.019230769230769,0.6998707055770279
572,-1.3414439,1.0419226,3,-0.41496249396287876,20,3.25,1.1641577031891928
575,1.6626315,0.6736453,4,-0.7711260855282939,26,3.1538461538461537,1.4612955263685083
584,-0.3955847,-1.1682783,4,-0.14263876074287574,24,3.5416666666666665,0.9315329426211428
588,-1.3423166,-3.0308912,4,0.06664774637122832,225,3.7422222222222223,1.1934510450057834
587,-2.4997904,-2.1395857,1,-0.31006654033729825,98,2.9693877551020407,1.0498314212502848
568,-3.6481967,-0.43818003,2,-0.7073877561501036,81,3.3703703703703702,1.1450376024878444
586,1.3935019,-2.5325527,5,-0.23557196001800443,166,3.325301204819277,0.8684145600574371
585,2.6773586,0.15916094,5,-0.055270877754674715,80,3.7375,0.9378638534429912
582,-3.3844872,0.16681994,3,-0.0801557649659757,62,3.274193548387097,1.1476184154581515
591,-1.8458356,0.18242027,3,-0.16367534092359826,84,3.6547619047619047,0.7837821128725628
581,-2.6535766,2.5807652,2,0.03850381950144606,28,4.035714285714286,0.9993384054849732
592,-4.4576907,-2.7747836,1,0.10766536932800436,360,3.813888888888889,1.346128830701415
580,-2.4929302,-3.4388633,5,0.11252995405461722,47,3.5531914893617023,1.157367902844506
590,-1.2734708,2.4539516,3,-0.2793641764873249,48,3.5,1.1850127928207932
593,-0.41869485,-3.3158574,4,-0.1549036247812633,156,3.608974358974359,1.0810611152114233
583,-1.6709893,-0.89730793,5,0.46393029986695716,27,4.444444444444445,0.6979824404521128
596,1.7286216,-1.4490237,4,-0.012675480606638517,20,3.6,0.8825799501580878
570,-4.35192,0.2562437,1,-0.621777307817757,22,2.6818181818181817,1.2867960816866655
599,1.7276431,-2.1421883,4,0.561907368816606,47,3.893617021276596,1.0881584474057533
589,3.165951,-1.707494,0,-0.03934559930446383,43,3.441860465116279,1.4848813577970166
594,1.6668812,0.5127726,5,-0.29320167550971443,25,3.48,0.6531972647421809
597,2.805829,0.59296674,5,0.11496283086447624,41,3.6341463414634148,1.1990850170228884
578,2.4081357,-0.92887336,0,-0.730148126011543,24,2.6666666666666665,1.0901402648748688
601,-3.354543,1.6253158,3,-0.5337426497034973,148,3.081081081081081,1.3171475752085395
602,1.1766982,-0.88237387,5,0.41997310805295707,29,3.793103448275862,0.7736421443326912
600,-0.8563438,-0.08474727,2,0.05989995613055186,89,3.5842696629213484,1.0091511820702332
605,-2.5807593,-0.18887773,3,-0.009918270726095996,90,3.7555555555555555,1.1927789392852712
603,-0.1283799,1.1998699,4,0.008472696398143471,47,3.7872340425531914,1.1020962281975268
595,-2.9139776,-0.9173749,3,-0.0831441090407658,96,3.1979166666666665,1.0723294040905496
606,-0.75595945,-2.3134477,5,0.24518096728129118,236,3.9661016949152543,0.8842085379311299
608,2.7594297,-4.75598,5,-0.24145480683603138,163,3.6748466257668713,1.236699288692334
607,-2.4788213,1.180154,2,-0.21082695107136182,37,3.8378378378378377,0.6877303054053768
610,-0.5824171,-0.8516747,3,-0.14853467769714415,75,3.7333333333333334,1.0696467380140717
611,-0.62722975,-1.5754291,5,0.19051162695217871,42,3.8333333333333335,1.1024731989810657
617,-4.495055,1.82457,2,-1.0706604618073499,108,2.6203703703703702,1.3375776165274955
618,-2.1426,-4.009188,4,-0.5580291654894511,216,3.287037037037037,0.979329869845046
614,-2.2737925,3.3845966,2,-0.26302672694479406,39,3.128205128205128,1.1045238836017506
609,0.08805887,-1.7672378,4,-0.8499460839377269,28,2.392857142857143,1.749905515211982
615,-2.0820572,2.011544,3,-0.09473210461956834,103,3.8640776699029127,1.094088784522557
616,-1.0785453,0.7750111,3,0.1932734654374589,43,3.627906976744186,0.7874992309581578
620,3.8976238,-1.5214962,4,0.36688316478722305,110,3.827272727272727,1.0123919438010298
571,0.72984797,1.1601022,5,-0.5673182050425951,20,3.45,0.7591546545162481
619,-0.5415975,-4.511247,0,-0.15664173238707294,89,3.50561797752809,1.2713950418341295
613,0.53264105,-0.29032472,4,0.3093050885554883,28,4.321428571428571,0.8629652337776967
622,2.0182965,2.240906,1,-0.2178807651378613,228,3.3903508771929824,1.1424118006033623
621,0.12762238,-1.7050996,0,0.11622616980318995,171,3.5497076023391814,1.052524934398278
604,0.7717596,-4.077165,4,-0.26041830365053403,27,3.2962962962962963,1.265361450787719
624,-1.134159,1.0747534,3,0.050070994391030264,141,3.5319148936170213,0.7516951461231922
612,1.6304168,0.5138057,4,-0.19735302113939127,27,3.3703703703703702,0.9666814027759789
627,1.9048235,1.3050176,2,-0.2510207368930259,181,3.292817679558011,1.083924615519982
623,3.1924129,-2.358993,0,-0.24887704435496394,45,3.7333333333333334,1.0531338514599695
628,0.85571575,-0.6609383,5,1.0029409633258,27,4.703703703703703,0.7240279857964913
625,-0.66493505,-0.35461015,2,-0.46593009404856756,106,3.4339622641509435,0.7305427587567805
629,0.33716407,4.8332343,1,0.20836605715793372,121,4.082644628099174,0.9881529643692497
633,2.5457387,-1.189479,0,-0.5080683564516504,58,3.310344827586207,0.7540974982736656
632,3.7764647,-4.2293553,4,-0.2976693216479898,118,3.6610169491525424,1.0229865693535727
631,-0.20571767,-0.55121076,5,-0.2844087344324203,20,3.1,0.9119095061289912
634,2.6216292,0.60365343,5,-0.11602829411271498,135,3.3703703703703702,0.9521440122224449
639,-4.319687,-1.6030807,5,-0.9100360062291586,148,2.9594594594594597,1.1421329751999814
630,2.8699007,0.5251257,4,-0.26770552670552245,108,3.324074074074074,1.0574939844613926
642,5.157377,-0.14684452,4,0.16150946176570113,318,3.6226415094339623,1.1629357242940621
637,2.1315124,-4.8435254,4,-1.0122962783797396,104,2.4903846153846154,1.198665862796969
640,-3.0134265,-1.2563834,1,0.5167008789282157,109,4.229357798165138,0.8123243687434019
626,-3.666455,0.14530857,3,-0.8016279386494705,32,2.34375,1.5368458482522973
643,-4.33417,1.2449852,1,-0.05732854622110904,206,3.737864077669903,0.7958571393868673
598,1.747909,-2.5690477,5,0.19818349010249606,25,3.68,1.0295630140987002
638,0.48331848,-2.2516065,4,-0.3921021451905198,67,3.537313432835821,1.0346769106161977
635,-2.0124953,-0.8100057,2,-0.12317646900587677,34,3.264705882352941,1.081772494129546
644,2.2320988,-0.06582904,4,0.5215651681720005,42,4.0,0.6246950475544244
636,3.8850775,0.40457383,0,0.6307227490286694,20,4.45,0.8255779474818966
645,-3.6263728,2.482133,2,-0.026992838689526247,122,3.959016393442623,0.8566467490287907
648,4.0692167,2.7396994,4,-0.3414481980952331,297,3.259259259259259,1.2748039555653745
647,1.232046,-1.5514897,4,0.11577095328093279,58,3.8275862068965516,0.6526042575706927
650,-2.0789142,-2.2317116,4,-0.46716549467059454,311,3.1543408360128615,0.7963457667560409
651,-0.66262835,-0.5047448,2,-0.3589374247565667,21,3.2857142857142856,1.3835771443203717
654,3.6509442,-2.170475,4,-0.10118470292779279,147,3.687074829931973,1.0904487017161593
653,1.8581159,-1.0813221,0,-0.9849783647066469,283,2.6925795053003534,1.179395230527597
655,-3.257482,4.2195387,5,-0.7153197832966159,685,2.908029197080292,0.7327009229017919
649,0.8612838,0.028019166,5,0.2672485869411754,24,3.7916666666666665,0.9770927002733856
658,-1.625166,-1.5991756,1,-0.23455953330909474,71,3.732394366197183,0.8098985206074231
656,-2.1859126,-0.108738065,1,-0.984589107141368,24,2.5416666666666665,1.1025333147551268
660,-2.7217758,-1.5946616,2,-0.9593336493626913,224,2.5848214285714284,0.9713113341661181
659,1.2588998,0.855326,5,-0.05992438823654662,191,3.7905759162303663,0.8448700823490546
646,0.7327214,-0.90286094,2,-0.44068707877609875,38,2.9473684210526314,0.6954434098279423
663,0.60937464,-2.4481363,0,-0.09496973644313339,158,3.5316455696202533,0.9076524354854488
664,-4.4030423,0.30856258,3,-0.20201681087035056,166,3.746987951807229,0.9386434246516828
657,-4.06816,2.6059058,3,-0.34926472047289886,29,3.2413793103448274,1.2146478741298148
665,1.6823502,-2.8757336,5,-0.07237674822271727,142,3.4788732394366195,0.7784172873077154
666,-3.7257965,2.845184,2,-0.18418570103107207,245,3.6653061224489796,0.7907122283335023
661,-2.2214606,3.9832213,1,-0.06803361950674963,121,3.9173553719008263,0.9090909090909091
662,-1.1959071,-0.55571693,2,0.10021637239711696,23,3.869565217391304,0.9678630550241248
667,-0.8636433,1.178587,5,-0.0394545164953918,47,3.9574468085106385,1.0206018430853232
641,-2.481653,0.66601205,5,0.11409480920374888,40,4.125,0.7905694150420947
668,2.5784643,0.35041216,2,-0.06712992231204731,46,3.5217391304347827,1.0485785179053404
673,0.47522026,1.9382384,5,0.24236805093673916,35,3.8857142857142857,0.9932545604469882
671,0.8790351,-4.0472775,4,-0.041499582129815756,124,3.5806451612903225,1.1553817107155846
669,-4.364055,0.62418884,3,-0.4985677794167537,100,3.38,1.170167906453142
676,4.8278866,-3.1089792,0,-0.08587264946779358,77,3.5844155844155843,1.4631495350302348
674,1.4942774,-0.06439557,5,0.08043548567436093,41,3.658536585365854,0.9901958416788311
652,0.39271313,0.65000486,5,-0.2854708938966532,22,3.1363636363636362,1.0371873387954444
677,1.7608788,-0.53899556,0,0.0908071211279046,49,3.5918367346938775,1.3832083379312203
682,-1.9134679,-2.1186492,4,-0.3688368185194375,399,3.137844611528822,1.0142434692862141
679,-2.1457837,4.6488833,2,-0.18860935907958234,62,3.661290322580645,0.9741502961950704
684,0.5500475,-4.8493085,4,-0.1450353105585233,86,3.488372093023256,0.9298220708540601
685,1.5343057,0.43120956,2,-1.1526276513266718,20,2.05,0.7591546545162482
683,-3.229449,-0.11924375,3,-0.32537273381168547,75,3.2266666666666666,1.0210399221002684
691,0.18296327,0.22685386,5,0.32057084781720047,32,4.21875,1.156590512196614
672,-1.601391,-1.7861125,5,-0.26482263781752463,29,3.2413793103448274,1.1229798501497543
692,2.4916673,-0.9070792,0,-0.2799045839104143,40,3.275,0.876692502300404
690,1.4108299,-2.222799,0,-0.46518610937824934,115,3.1478260869565218,1.0780381650379607
689,2.9734602,-0.47447002,4,0.11002126991228282,36,3.8333333333333335,1.230563169563316
686,-2.3977473,2.6653705,2,0.5564824397666249,71,4.563380281690141,0.8739466208968728
693,0.14266399,1.2185639,5,-0.6845409111371777,154,3.1363636363636362,0.9570391555917187
688,0.77569807,-1.5838155,5,1.3781395956506923,24,4.833333333333333,0.6370220572706061
697,3.9129796,0.60955024,2,0.2844566137376249,105,3.7142857142857144,1.2688144505364485
698,2.856502,-3.485839,4,-1.1027107965520426,127,2.84251968503937,1.1298630121376327
670,2.6702363,0.07413774,4,-0.14032580064412406,46,3.847826086956522,1.03209369308428
694,0.27773443,-1.997736,5,0.2156780124482573,157,4.1528662420382165,0.642167853841144
680,-0.5994608,0.73018533,3,0.11859493428776399,38,4.0,0.7710996009560596
705,3.27871,0.113232344,4,0.0016134026253596724,114,3.710526315789474,1.1345240646560355
701,-0.71922797,1.5733446,3,0.3502489739432655,33,4.212121212121212,0.7398300378117156
699,2.132916,1.5157194,5,-0.2682507818022927,149,3.1476510067114094,0.7386605749248459
704,-3.989473,2.3094368,5,-0.26887248156083604,90,3.7777777777777777,1.025273630538771
707,0.7658646,2.633546,3,-0.3636934510361675,236,3.4957627118644066,1.0252052471451223
700,-2.3465412,-1.275612,1,-0.4809011867137655,21,3.6666666666666665,0.7302967433402214
687,-0.20518076,-0.4025528,5,0.09513300884986219,21,3.4761904761904763,0.8728715609439694
695,-2.0167594,2.4066722,3,-0.15376963937462582,38,3.289473684210526,1.313297783008991
675,0.6393988,1.9615949,3,-0.11415817482129514,34,3.7058823529411766,1.3602453380472013
708,1.7850573,-2.3220503,4,-0.22923552370814515,105,3.2,1.2664304773046775
709,-1.4123249,-2.4496856,0,-0.08143735392960452,138,3.572463768115942,1.010078273756853
711,-1.3561589,3.3753948,3,0.14254019893537553,221,3.8597285067873304,1.0194730896408453
710,-2.4033728,0.67908025,2,-0.2568310550333287,86,3.697674418604651,0.812690049329429
712,3.6264088,-0.4828547,4,0.13383707173666298,162,3.765432098765432,0.9091884981534081
715,-3.5504744,-1.2833446,1,-0.2684950675478733,167,3.3832335329341316,1.062711506636984
713,0.01575848,1.0398761,5,-0.6959657185099599,30,2.966666666666667,0.8899179866642238
716,-2.3825984,-0.59738874,3,0.009605049142237261,269,3.8884758364312266,1.0414081223096212
681,-0.18217498,2.7132914,3,-0.06106544004690509,22,3.227272727272727,1.4778303975702638
678,0.24673647,3.7472618,2,-0.3892558618708498,28,3.4285714285714284,0.9973509887241274
719,-1.0829802,0.23499562,5,-0.711900857993527,67,3.1044776119402986,1.2077317627912318
702,0.488032,-5.21681,0,-0.8206335855213761,31,2.4516129032258065,1.524001524002286
721,5.0177226,-0.19098678,0,0.0029760147084779993,168,3.5357142857142856,1.0201142189357704
714,4.257086,-1.4181722,0,-0.08573836558022863,44,3.522727272727273,1.0452247196597189
717,1.4120185,3.4727013,5,0.24978851614286093,93,3.7096774193548385,1.1284911546463299
718,3.664991,0.25717822,4,0.242288741312123,39,3.6923076923076925,1.0551589093054372
696,-2.0915327,2.3604226,2,0.10356110797251057,29,3.9310344827586206,1.222732142223151
722,0.86146045,-1.682781,5,0.2955602755616432,42,3.619047619047619,0.8249872416568828
724,0.35910174,-2.615292,4,-1.155045322905326,85,2.164705882352941,1.316986629207983
727,-0.92405033,-4.3617167,0,-0.48313373811823274,322,3.0372670807453415,1.0315170375959097
725,0.8101984,-0.16144282,2,0.32919039372972164,25,3.8,0.957427107756338
706,3.5478356,-1.733669,0,-0.16533831456505524,29,3.310344827586207,1.198315730987875
720,-0.35615674,1.637105,5,0.168310452943135,30,3.966666666666667,0.7648904962570575
729,-0.342683,-4.4788547,2,-0.4581101469977915,21,2.857142857142857,1.236354087052503
726,-0.4773971,5.0659313,4,-0.371871683072052,24,3.0,1.2853691738343027
728,1.2048278,-0.13559061,5,0.06203587848585636,26,3.576923076923077,0.7575263387144725
703,1.10287,-2.0129611,0,-0.07442711234641027,47,3.5319148936170213,1.0601694661455172
738,1.5515937,-2.339412,0,-0.20683461045652787,148,3.675675675675676,0.8347570114996578
736,-1.5441157,1.4442632,3,-0.5240769989705547,24,3.0,1.4142135623730951
734,1.2405082,-4.066482,4,-0.3701699572658399,64,3.609375,1.0175786307904022
730,-1.459356,-0.4438141,5,-0.3230213805367557,38,3.236842105263158,1.1725281193266386
743,-0.2016892,2.571865,2,0.036636554779589346,35,3.6857142857142855,1.1053726699605877
742,-2.1801689,0.66986716,3,-0.26167740841177917,26,3.4615384615384617,1.1038394532093598
737,-2.5393322,1.8052409,3,-0.17534617947962344,33,3.9696969696969697,1.0150384378451045
733,-1.6683277,2.0890536,3,-0.541394921092786,107,3.02803738317757,1.059173261836473
745,4.507689,-0.10840987,0,-0.8707061178158567,60,3.1,1.2979775663361308
740,-1.2941978,-0.038867895,5,-0.09792453187901025,20,3.4,0.9947229183096801
735,-0.9152496,-0.65532047,4,-0.3159967412541733,53,3.3207547169811322,0.9761302109243649
747,-3.6726575,-0.299134,1,0.088972117368108,293,4.054607508532423,1.1334368269243595
723,2.3958802,-0.42992127,0,-0.5480420608260576,22,3.272727272727273,0.9351250581921514
739,4.2236075,1.6597675,0,-0.39505279255363934,35,3.6,1.5377600210543063
749,3.0676484,3.069276,4,-0.07771923262917582,305,3.622950819672131,0.9556606702445627
748,0.91313535,-1.2841822,0,-0.28806670237283183,108,3.7222222222222223,0.783394641996634
746,0.47625926,-3.1753325,0,-0.26971523270375347,67,3.6417910447761193,1.0105727829382496
731,0.7807979,-4.223741,4,-0.7262322353666197,83,3.3855421686746987,1.4384216053242291
750,-0.45163125,-1.9566526,0,-0.2797870128419937,33,3.090909090909091,1.0417424214878033
741,-2.6473868,-2.5863328,3,-0.260871487946143,104,3.4615384615384617,1.042058054427684
751,-2.5922246,-0.55488414,3,-0.23326645744099503,168,3.5416666666666665,1.0714261952259554
756,-0.16289331,-0.68565434,5,-0.3597368467178907,109,3.1926605504587156,0.9857978928558093
757,-0.374312,-0.67269903,1,-0.2116645533165189,166,3.3674698795180724,0.7650879820644023
752,4.777377,1.0231618,1,-0.3222667538053542,73,3.2054794520547945,1.2128811440989617
758,-2.795317,2.8241196,1,0.19806014303954225,357,3.876750700280112,1.0257595579964816
732,2.2778888,1.1694802,4,0.23152989156516288,20,3.7,1.3803127029389886
762,-3.945688,-1.2826204,3,-0.5878532919546805,21,3.0476190476190474,1.6874889770363088
744,-0.594273,0.24622162,2,-0.20882328917964377,27,3.8518518518518516,0.8639668665167352
754,-0.96610963,-2.607596,5,-0.17165615585895636,34,3.3823529411764706,0.8881272732418117
753,-1.7947652,-1.062742,4,-0.35637995839539865,57,3.5964912280701755,1.1931298744240328
763,-1.7940637,-0.9906141,2,0.0012976838825903263,129,3.7829457364341086,0.8835408195691704
764,1.4363558,-3.4296908,4,-0.028773119046665647,109,3.688073394495413,0.8787327544951481
767,0.17083189,0.31305364,2,0.3759633772779517,37,4.4324324324324325,0.5548042968541319
769,-0.6376488,-1.2016516,5,-0.2133883433030077,29,3.0689655172413794,1.0327160611969717
755,3.573748,1.7841351,0,-0.21354285575964063,38,3.1052631578947367,1.268953041198979
771,2.2200084,-3.9674067,4,-0.10169061290439231,70,3.7142857142857144,1.3421036606852859
768,0.60990506,-1.2524294,4,-0.42471092755936996,64,3.265625,1.1580249675187602
773,-2.863602,2.1741886,3,-0.45942777110653465,161,3.279503105590062,1.2000582284009371
765,-3.4843862,-0.26723102,5,0.1348542303694036,23,4.086956521739131,1.1246431142310664
772,1.6310259,-1.2029561,0,0.40428844101977385,33,4.0,0.8291561975888498
766,-1.43385,2.4379652,3,-0.46965969594239376,175,3.354285714285714,0.8374643094618012
774,-1.6880537,3.9959707,2,-1.4526362535899944,224,2.0580357142857144,1.1408547179671948
760,0.6077359,-3.1953623,5,-0.34574910745152715,41,3.2439024390243905,1.199593427059311
761,3.90028,-1.0932933,4,-0.6082655669467991,66,2.8484848484848486,1.42766538034248
777,-1.176133,-4.920658,5,0.3484427632039127,36,4.055555555555555,1.2408394495995603
759,2.5047028,-3.061928,4,0.1837641268194979,32,4.0625,0.9482581654734623
776,-3.7565215,-1.8632257,1,-0.2311385075422205,105,3.466666666666667,1.1186071925756833
780,4.74953,-3.0842347,4,-0.27917383790302974,55,3.8727272727272726,1.089589549878938
779,2.232957,-0.39681557,4,0.2982444283353627,37,3.918918918918919,0.7593263966019991
778,1.0121263,2.796281,2,-0.68974014758421,65,2.953846153846154,1.2302282464898693
782,2.4618433,-2.8065293,4,-0.5870291961828248,232,2.788793103448276,0.8794204655777045
786,-0.36437318,-3.2488413,4,0.00024604642951927386,117,3.871794871794872,0.8860845832053307
784,1.1743174,-0.46988353,4,0.23081242192628293,39,3.8461538461538463,0.670367595092877
770,1.3647726,2.891826,5,0.7288542810011581,64,4.296875,0.8670271686118671
788,2.8269,4.660711,5,-0.23428539558191352,249,3.3413654618473894,0.9069266066950171
789,-2.6544414,3.8856473,1,-0.18101422713619578,33,3.6666666666666665,1.050793351076541
790,-0.08037914,2.6389892,2,-0.43885563162832775,231,3.017316017316017,0.9911142958937372
787,3.6728716,-2.2113442,4,-0.32765613495218265,57,3.1403508771929824,1.059625885652035
783,1.1392949,2.5033572,2,0.3686028998265258,30,3.8666666666666667,0.8603661343041528
785,-0.18369058,-0.59475046,4,-0.1978213342543085,27,3.7037037037037037,0.8234456132997966
794,-1.8393276,0.11471449,1,0.4115759041672624,39,4.3076923076923075,0.7310355363903912
781,-4.637134,0.6485891,2,-0.2084732624095802,42,3.7857142857142856,1.2790185697409402
796,3.3601494,-2.7980626,0,-0.08187180933867275,358,3.600558659217877,1.0557033157792097
795,-2.6166975,2.3940248,2,-0.37567332689698146,159,3.1320754716981134,0.8867035206361136
793,-2.8893533,-1.5574714,1,-0.018549760573155667,55,3.5090909090909093,0.7667325399895245
798,4.433645,-1.3210076,4,-0.14697171823263372,239,3.3263598326359833,0.9315748233443452
791,0.2913669,-0.95329505,5,0.19770592090500047,25,3.8,1.118033988749895
802,2.9939086,-0.99566555,0,0.09049105194833255,75,3.493333333333333,0.9638511342572612
800,1.1021059,-0.2584789,5,0.18173762067118282,28,3.75,0.6454972243679028
804,3.953098,1.1165977,0,0.08896730014895239,332,3.6656626506024095,0.803858809461866
803,-3.68136,-0.30723366,3,-0.11798343369500992,33,3.090909090909091,1.4440316037840977
775,-0.05414902,1.0511546,5,0.07389043405324838,28,3.7857142857142856,0.7867957924694432
792,-2.544574,-1.4007106,2,-0.25826262545458706,47,3.127659574468085,0.849987756346493
799,-1.2537057,0.48623815,3,0.06822563321412607,24,4.0,0.834057656228299
805,-2.289229,2.949673,2,-0.22628005466988202,273,3.347985347985348,1.2125892810388899
806,-1.8328549,-1.1309167,2,-0.12191001335862195,140,3.642857142857143,0.9676153924934942
807,4.7918377,-0.7549943,5,0.23304992742540193,204,3.892156862745098,0.8293491156132226
797,-1.5621556,-2.2260737,0,-0.6382097204545316,26,2.6538461538461537,1.2310095919141388
801,0.21373984,-2.151082,4,0.43628700209932236,26,4.038461538461538,1.1482428046635165
809,1.934643,0.11007052,2,-0.06782520154081319,20,3.45,1.2763022245616642
815,1.4989207,-4.9751678,4,-0.11500218133137126,183,3.7431693989071038,1.136141923857376
817,1.4919846,-0.6147981,2,-0.036852759521292064,36,3.361111111111111,0.8992942559196955
821,-1.9108429,-2.3380382,3,0.5195050158016742,62,4.338709677419355,0.8673220209942403
818,-1.8312155,-0.53781724,3,-0.10097962700696445,21,3.4761904761904763,1.2497618820818477
814,-0.24384834,-2.002331,4,-0.4515456295559927,35,2.9714285714285715,0.7065123239304082
812,2.9636142,-1.1289766,0,0.10928698860998673,20,3.5,1.2354415362426845
823,-1.1839225,4.440019,1,0.18068385271192774,185,4.005405405405406,0.9295703618227715
825,3.1867774,-1.0093913,0,0.06545236307966681,145,3.613793103448276,1.0748785906670246
827,0.9757265,0.58957106,2,-0.3318618978010813,28,3.25,0.6454972243679027
829,-1.294102,0.48912445,3,-0.22550650917448484,64,3.546875,0.8151285320791585
811,1.2192228,-1.270484,0,0.7307185960083414,21,4.142857142857143,0.9102589898327995
830,2.580443,4.001092,2,-0.08818635686736528,106,3.7452830188679247,1.1634212335850302
826,0.37645054,0.7916407,0,0.2647003934247759,115,3.8260869565217392,0.8299320365877504
831,-3.4336388,-1.375198,1,-0.2550283345233796,73,3.5205479452054793,1.1679705694672076
819,-1.3457958,-0.4584443,5,0.35329502211015745,28,4.071428571428571,1.01574900036674
828,-1.0279584,1.6159984,2,-0.6878291513692103,104,3.1153846153846154,1.0821382312836356
808,-1.5123254,0.6432947,3,0.6214647453625465,23,4.130434782608695,1.013739603739404
835,2.9109502,2.0693057,5,0.28057816152478066,102,4.147058823529412,0.8009531305248841
833,-4.6584144,1.4781368,2,-0.7244397561396916,267,3.056179775280899,1.2687056090545852
836,-3.3575342,2.522872,2,-0.09233472100832468,50,3.86,1.2290696664135679
816,0.6856233,1.1650586,2,0.5226251770076176,25,3.84,0.8504900548115384
838,-1.6883756,-3.4548542,5,0.25523519127327443,93,4.118279569892473,0.7200462298804365
839,1.347058,4.6952944,2,-0.2866386173012916,57,3.192982456140351,1.125017404488038
840,-0.75979567,3.072937,2,0.1569069601316266,197,4.137055837563452,0.8184713613286896
832,1.4179649,0.44648203,5,-0.38257905271453957,25,2.96,0.7895146188218007
810,2.5306783,-1.5543268,0,0.9366426441284658,26,4.423076923076923,0.7027418828034613
844,-1.6412239,-0.051924065,5,-0.25639934057858293,81,3.506172839506173,0.8385024864322622
843,2.1654804,2.5184371,0,-0.9269398424876437,204,2.735294117647059,0.8176196447689021
834,0.6986455,-2.0397263,5,0.2221083542355227,54,3.925925925925926,0.9286194226621329
846,-0.40084696,-0.037078865,1,0.06366458074936927,405,3.740740740740741,1.0457099745795169
837,-1.9248369,-2.9293096,4,-0.4672786485403586,46,3.0434782608695654,1.298828903951221
813,1.0169251,-2.8737078,0,-0.3485274649047693,29,2.793103448275862,1.2922657385059222
842,-3.9392755,0.99218315,2,0.06566676698959953,27,3.740740740740741,1.19590945735847
847,-0.5865011,-2.5015845,4,-0.6776685818582586,146,3.0342465753424657,1.159157741558834
848,1.9617653,-0.68089306,4,0.4455650689378442,150,4.286666666666667,1.0702610022678538
822,1.0429176,-0.93452597,0,-0.48150457444938555,25,3.12,1.0132456102380443
852,0.26378173,-1.7647793,0,0.14639666597707449,49,3.4693877551020407,0.8190960672271226
851,-3.1020463,-2.721267,1,0.005889666596407713,209,3.45933014354067,1.113518993612177
849,2.0367718,-0.030388804,4,1.0376422952599191,23,4.869565217391305,0.34435022157509093
854,-4.3704863,1.039635,1,-0.5681295882849806,217,3.2119815668202767,1.0324567247819805
850,1.1437985,-3.9765089,4,0.4282773201321397,51,4.529411764705882,0.9869739849959692
858,-1.3462873,0.4898937,5,-0.21655528694645007,21,3.4285714285714284,1.0281745265969475
853,2.1957502,-2.097201,0,-0.43537024098971483,41,2.975609756097561,1.0836928734205273
855,2.041944,-0.16618524,0,-0.5209187589765657,23,3.347826086956522,0.6472807211834831
824,-2.2582133,-1.1607742,1,-0.4292419936828429,20,2.6,0.9403246919632546
845,2.0699863,1.0680587,4,-0.6106541082250893,31,3.129032258064516,1.087564112558304
841,0.3005135,-0.12652925,2,0.3497287081066343,31,3.903225806451613,1.0441851275732486
859,0.13550144,-1.6434324,5,0.3236463818891441,39,3.8461538461538463,0.904330561897687
862,1.3519167,1.5270329,5,0.681135249376333,165,4.363636363636363,0.7970288507410039
856,-0.42667496,0.8489205,1,-0.06800334685069664,26,3.423076923076923,1.1374735838014673
820,-1.998425,-1.895709,1,-0.5477788147323879,21,3.0,1.3416407864998738
863,-0.35474706,-2.4735584,4,-0.38910622823502233,107,3.121495327102804,1.3988558692383166
860,-0.95116156,1.5419968,3,-0.38268542209262113,71,3.23943661971831,0.8695612807189345
857,-1.6236595,1.3659021,2,-0.1062320402394464,22,3.272727272727273,1.453462800540183
864,-2.985995,-3.357109,1,0.15142685585671095,294,3.82312925170068,0.9325416132109532
865,-4.638741,2.6043541,2,-1.0880026570519392,66,2.287878787878788,1.52683837757486
868,-4.839438,1.4443866,1,-0.7893144957681542,208,2.951923076923077,1.346886247647723
867,0.43722242,1.3394771,2,0.31670460563961905,95,4.2631578947368425,0.9698708656726558
861,1.5482417,-4.829409,4,0.2380310734458115,43,4.0,1.0235326314383182
870,-2.9754953,-1.5218168,1,-0.36918250586911566,269,3.453531598513011,0.9748117785818898
871,5.272667,-1.108674,0,-0.2599309554369731,115,3.4956521739130433,0.9212302324140548
875,-3.4597046,1.5776861,2,0.16743673086803362,89,4.191011235955056,0.7959614611271022
876,-0.88831997,0.2933206,5,0.2063035416922037,21,4.190476190476191,0.8135752957807667
872,3.9419403,0.28895906,4,-0.14871323311121645,71,3.380281690140845,0.9159881032149862
866,-0.029448844,1.506494,5,-1.0763749342609639,20,2.7,1.0310954828418377
877,0.4786508,2.0999665,5,0.10226365253761818,81,3.8271604938271606,0.8773557353888746
873,2.1275985,-1.4959488,0,-0.5173566237282099,20,2.9,1.2523661815266247
880,-2.8409913,0.37253535,1,0.0399127922558542,368,3.426630434782609,0.9821555309764347
878,-1.4698937,0.533173,3,-0.6595737079104335,134,3.2686567164179103,1.104768741183377
869,-4.3104534,1.7725006,2,-0.5459441536492191,47,2.872340425531915,1.2957626808445208
881,2.0055618,-0.8320936,0,-0.3085951314348531,259,3.3204633204633205,1.1786234652653929
879,0.29993716,0.52051955,5,0.07281344235985703,29,3.689655172413793,0.8905635565617211
883,0.046842027,2.9001405,2,0.103575213991396,268,3.925373134328358,0.9004939607559455
882,2.9585114,-3.6932924,4,0.28327696540803865,137,4.0510948905109485,1.0096677371586134
884,-1.069856,2.7558777,3,-0.18347257723682817,43,3.7209302325581395,1.2016968438588915
886,-3.020749,-4.024854,1,-0.32590959216995924,240,3.3625,1.1268174533711115
885,1.8374851,-4.726406,4,-0.49064740322387895,102,3.3137254901960786,1.004745100001727
889,-2.4997222,-2.9820056,1,-0.33646117396752223,326,3.4355828220858897,0.8667307971093781
874,-1.1033813,0.6363856,3,-0.0251153040606676,34,3.823529411764706,0.7576114073608448
892,1.4865115,3.988447,2,0.231192000211386,226,4.0,0.8993825042154696
890,-3.8300674,0.3929602,3,-0.11860071496469086,119,3.857142857142857,1.1220872974718588
893,-0.8243151,-0.22916591,0,-0.00859598868581547,59,3.4237288135593222,0.8750052183195819
887,3.9388368,0.80928946,0,0.37183191342262406,171,3.9239766081871346,1.3634120172792112
891,2.3734822,2.117615,5,0.5928532157756967,47,4.127659574468085,0.8499877563464933
894,-0.84471136,2.2623224,3,-0.030197895081315304,245,3.636734693877551,0.7205115093195206
896,0.16760781,4.813586,1,-0.6546257163309415,362,2.9806629834254146,1.1493279270465566
897,4.4511304,-0.9068178,0,0.22933571728728913,185,3.962162162162162,0.9910883760859529
901,1.7381297,-3.7352011,4,0.03775953597111617,124,3.8548387096774195,1.0721420575931673
899,1.1012689,-1.6869316,4,-0.3341140578056404,135,3.525925925925926,1.035414904433402
903,-3.3666232,1.8330454,1,-0.03812390251773367,136,3.8529411764705883,1.000217841196354
904,0.5510799,-0.48199928,5,0.1280343523356536,47,3.74468085106383,0.8960804774218949
907,3.4559236,-0.25128803,5,0.9026489096051127,147,4.571428571428571,0.682461299018145
905,-1.2562364,-1.236617,2,-0.24686204194487874,40,3.275,0.7840558588159325
902,-0.11734063,1.9853142,5,-0.3418978651935619,49,3.4489795918367347,1.1191742582851711
898,-2.9417102,-1.3616118,1,0.016681403398135283,30,3.5,1.0422125006694767
895,-1.9470915,-0.013400484,3,0.14876332298037484,20,3.75,0.9665456669582609
906,-1.1310878,0.4081503,3,0.17185118852635653,41,3.8048780487804876,0.7148255799536679
900,-0.2787004,-0.25501266,2,-1.1118621290084008,45,2.5555555555555554,1.098667696380806
908,-0.672837,0.2965471,5,-0.44568989121460484,74,3.554054054054054,0.7050093148494107
916,-2.5588734,1.0737071,3,-0.24531446790605155,317,3.365930599369085,0.892216785673003
911,-5.394306,-2.079335,5,-0.014704283547702241,98,3.806122448979592,0.9487720035649131
912,1.1561298,1.7284234,5,-0.1438768394075305,53,3.811320754716981,0.9619012378054868
914,1.140281,1.5150341,5,-0.4254945786955034,23,3.0869565217391304,1.276110691916542
918,1.5137053,0.8901245,5,-0.4416988435141635,103,3.349514563106796,1.0999887509592166
919,-1.3087246,-1.584032,5,-0.11115166437724838,217,3.4700460829493087,0.9671820932845238
921,2.3543725,-2.863707,4,-0.42897512697896517,110,3.272727272727273,1.1325791861988468
910,-5.184444,-0.20788138,3,-0.5034861687172649,60,3.1666666666666665,1.0918289222585313
913,-0.97953963,4.461366,3,-0.47308552559573186,132,3.522727272727273,1.128843961055214
915,-1.3584914,1.096456,2,-0.49538996440388144,26,3.1153846153846154,0.9519211344191526
922,1.8630288,1.4234663,4,-0.1316778177616987,127,3.37007874015748,1.0220051067363733
923,-1.4506017,-1.0216457,5,0.7246105699254649,74,4.148648648648648,0.6960245711383225
928,-0.48488715,2.0569103,5,0.9172332382234729,32,4.6875,0.6927039119836262
927,3.5075867,0.6369797,4,0.07524751987541015,120,3.691666666666667,1.1434566004876967
924,0.2766256,-0.05643597,4,-0.17764666591804856,82,3.7560975609756095,0.8249350982291116
929,-0.2775479,0.8893054,2,-0.4485467563934516,49,3.693877551020408,1.0042427004268162
931,0.60290194,0.49329054,5,-0.018728578746606613,61,3.721311475409836,0.8968676517187212
917,-1.3943895,1.2821944,5,-0.07895797233901176,35,3.5428571428571427,1.1717974414110481
932,-3.830692,2.5970314,3,0.04922469123094648,241,3.966804979253112,0.9783796975825748
909,-1.3321732,-1.141372,2,0.5331834922123606,26,4.346153846153846,0.79711016514947
934,-0.6192202,1.9236168,0,-0.08129695494321657,174,3.7011494252873565,0.9690582106836048
933,-3.0031116,2.6085587,2,-0.9217590296571927,184,2.6467391304347827,1.196621024773669
935,3.5773034,-0.24331644,4,0.2669113373997706,39,3.923076923076923,0.8701063269755684
938,0.28512317,-2.7952824,0,-0.08760678328951427,108,3.2685185185185186,1.2425966291727295
940,2.3061905,-1.356663,0,-0.30634353268136744,107,3.457943925233645,1.0120069154042164
888,-0.11216297,-1.6234789,5,0.38800180506026527,20,4.3,0.5712405705774792
925,0.9255771,-1.1101947,4,-0.2051257378028891,32,3.125,0.9069623173877129
942,1.1087674,-0.33070415,4,0.3898526420993159,79,4.265822784810126,0.7630717404102042
937,-0.5199474,2.6615229,5,-0.3608728746948638,40,3.375,1.21291131009396
926,-1.3746334,-0.13422444,5,-0.31831567269481487,20,3.3,0.9233805168766387
943,-3.6217835,-3.5381758,1,-0.20345031843483613,168,3.4107142857142856,1.2588862920540684
939,1.925151,0.44536126,4,0.8700809518291207,49,4.26530612244898,0.9741558354989898
936,-2.7494903,-1.1475416,2,0.25598928832045886,142,3.7464788732394365,0.963420470561319
930,1.6676681,2.6425278,5,-0.6773120316095612,63,2.9682539682539684,1.1211781529216656
920,-0.8350244,-0.48781598,5,-0.3834253257032805,26,3.230769230769231,0.8152394645841089
941,-1.3915474,0.15619393,3,0.2775077818953518,22,4.045454545454546,0.898531750891034
